Workbook

Sheet تعليمات
A1: قالب تهجير بيانات الزبائن - V3 | B1: قالب تهجير بيانات الزبائن - V3 | C1: قالب تهجير بيانات الزبائن - V3 | D1: قالب تهجير بيانات الزبائن - V3 | E1: قالب تهجير بيانات الزبائن - V3 | F1: قالب تهجير بيانات الزبائن - V3 | G1: قالب تهجير بيانات الزبائن - V3 | H1: قالب تهجير بيانات الزبائن - V3
A2: نسخة منظمة: الزبون في صف واحد، وكل أرقام التواصل والوسطاء في شيتات مستقلة. الترتيب 1 هو الأساسي. | B2: نسخة منظمة: الزبون في صف واحد، وكل أرقام التواصل والوسطاء في شيتات مستقلة. الترتيب 1 هو الأساسي. | C2: نسخة منظمة: الزبون في صف واحد، وكل أرقام التواصل والوسطاء في شيتات مستقلة. الترتيب 1 هو الأساسي. | D2: نسخة منظمة: الزبون في صف واحد، وكل أرقام التواصل والوسطاء في شيتات مستقلة. الترتيب 1 هو الأساسي. | E2: نسخة منظمة: الزبون في صف واحد، وكل أرقام التواصل والوسطاء في شيتات مستقلة. الترتيب 1 هو الأساسي. | F2: نسخة منظمة: الزبون في صف واحد، وكل أرقام التواصل والوسطاء في شيتات مستقلة. الترتيب 1 هو الأساسي. | G2: نسخة منظمة: الزبون في صف واحد، وكل أرقام التواصل والوسطاء في شيتات مستقلة. الترتيب 1 هو الأساسي. | H2: نسخة منظمة: الزبون في صف واحد، وكل أرقام التواصل والوسطاء في شيتات مستقلة. الترتيب 1 هو الأساسي.
A4: الخطوة | B4: ما الذي يجب فعله | C4: لماذا مهم؟ | E4: قرارات الصف
A5: 1 | B5: املأ شيت الزبائن بصف واحد لكل زبون، بدون تكرار الرقم الأساسي أو الوسيط الأساسي داخله. | C5: حتى تبقى بيانات الهوية والعنوان منفصلة عن البيانات المتعددة. | E5: READY | F5: جاهز للاستيراد كزبون أو اسم مقترح حسب الشيت.
A6: 2 | B6: املأ شيت أرقام التواصل لكل أرقام الزبائن والأسماء المقترحة. استخدم entity_type و entity_key للربط. | C6: نفس الزبون يمكن أن يملك أكثر من رقم بدون أعمدة إضافية. | E6: TO_PROPOSED | F6: صف زبون سينتقل إلى شيت أسماء مقترحة.
A7: 3 | B7: ضع contact_order=1 لأول رقم. هذا الرقم يعتبر الأساسي حتى لو تركت is_primary فارغة. | C7: يلبي قاعدة أن القيمة الأولى هي الأساسية. | E7: REVIEW | F7: ناقص أو فيه تعارض يحتاج تنظيف.
A8: 4 | B8: املأ شيت الوسطاء بنفس الفكرة: referrer_order=1 هو الوسيط الأساسي. | C8: لا حاجة لتكرار الوسيط في شيت الزبائن وشيت آخر. | E8: SKIP | F8: مستبعد بإرادة الفريق.
A9: 5 | B9: العنوان صار أربع مستويات: محافظة، منطقة، ناحية، حي. final_geo_unit_id محسوب من أعمق ID متوفر. | C9: النظام الجغرافي لديه مستوى مستقل للحي، ويجب الحفاظ عليه في الهجرة. | E9: قاعدة الأرقام | F9: أول رقم لكل entity_key هو الأساسي: contact_order=1.
A10: 6 | B10: أي زبون غير مؤكد أو مكرر أو ناقص أو عنوانه غير واضح اجعل final_destination=proposed_name وضع proposed_name_key. | C10: يبقى السجل محفوظا كاسم مقترح بدل إدخاله كزبون ناقص. | E10: قاعدة الوسطاء | F10: أول وسيط لكل entity_key هو الأساسي: referrer_order=1.
A11: 7 | B11: في شيت أسماء مقترحة لا تدخل الرقم داخل الصف. ضع أرقامه في شيت أرقام التواصل مع entity_type=proposed_name. | C11: نفس نموذج الفصل والاختصار. | E11: تاريخ القالب | F11: 2026-07-05
A12: 8 | B12: راجع row_status و row_issues. استورد فقط READY أو TO_PROPOSED حسب المسار. | C12: يقلل أخطاء الاستيراد قبل لمس قاعدة البيانات. | E12: نطاق الصفوف | F12: 6-505

Sheet الزبائن
A1: الزبائن - قالب التنظيف والاستيراد V3 | B1: الزبائن - قالب التنظيف والاستيراد V3 | C1: الزبائن - قالب التنظيف والاستيراد V3 | D1: الزبائن - قالب التنظيف والاستيراد V3 | E1: الزبائن - قالب التنظيف والاستيراد V3 | F1: الزبائن - قالب التنظيف والاستيراد V3 | G1: الزبائن - قالب التنظيف والاستيراد V3 | H1: الزبائن - قالب التنظيف والاستيراد V3 | I1: الزبائن - قالب التنظيف والاستيراد V3 | J1: الزبائن - قالب التنظيف والاستيراد V3 | K1: الزبائن - قالب التنظيف والاستيراد V3 | L1: الزبائن - قالب التنظيف والاستيراد V3 | M1: الزبائن - قالب التنظيف والاستيراد V3 | N1: الزبائن - قالب التنظيف والاستيراد V3 | O1: الزبائن - قالب التنظيف والاستيراد V3 | P1: الزبائن - قالب التنظيف والاستيراد V3 | Q1: الزبائن - قالب التنظيف والاستيراد V3 | R1: الزبائن - قالب التنظيف والاستيراد V3 | S1: الزبائن - قالب التنظيف والاستيراد V3 | U1: الزبائن - قالب التنظيف والاستيراد V3 | V1: الزبائن - قالب التنظيف والاستيراد V3 | W1: الزبائن - قالب التنظيف والاستيراد V3 | X1: الزبائن - قالب التنظيف والاستيراد V3 | Y1: الزبائن - قالب التنظيف والاستيراد V3 | Z1: الزبائن - قالب التنظيف والاستيراد V3 | AA1: الزبائن - قالب التنظيف والاستيراد V3 | AB1: الزبائن - قالب التنظيف والاستيراد V3 | AC1: الزبائن - قالب التنظيف والاستيراد V3 | AD1: الزبائن - قالب التنظيف والاستيراد V3 | AE1: الزبائن - قالب التنظيف والاستيراد V3 | AF1: الزبائن - قالب التنظيف والاستيراد V3 | AG1: الزبائن - قالب التنظيف والاستيراد V3 | AH1: الزبائن - قالب التنظيف والاستيراد V3 | AI1: الزبائن - قالب التنظيف والاستيراد V3 | AJ1: الزبائن - قالب التنظيف والاستيراد V3 | AK1: الزبائن - قالب التنظيف والاستيراد V3 | AL1: الزبائن - قالب التنظيف والاستيراد V3 | AM1: الزبائن - قالب التنظيف والاستيراد V3 | AN1: الزبائن - قالب التنظيف والاستيراد V3 | AO1: الزبائن - قالب التنظيف والاستيراد V3 | AP1: الزبائن - قالب التنظيف والاستيراد V3 | AQ1: الزبائن - قالب التنظيف والاستيراد V3 | AR1: الزبائن - قالب التنظيف والاستيراد V3 | AS1: الزبائن - قالب التنظيف والاستيراد V3 | AT1: الزبائن - قالب التنظيف والاستيراد V3 | AU1: الزبائن - قالب التنظيف والاستيراد V3 | AV1: الزبائن - قالب التنظيف والاستيراد V3 | AW1: الزبائن - قالب التنظيف والاستيراد V3 | AX1: الزبائن - قالب التنظيف والاستيراد V3 | AY1: الزبائن - قالب التنظيف والاستيراد V3 | AZ1: الزبائن - قالب التنظيف والاستيراد V3 | BA1: الزبائن - قالب التنظيف والاستيراد V3
A2: صف واحد لكل زبون. أرقام التواصل والوسطاء في شيتات مستقلة، و final_geo_unit_id يحسب أعمق مستوى جغرافي متوفر. | B2: صف واحد لكل زبون. أرقام التواصل والوسطاء في شيتات مستقلة، و final_geo_unit_id يحسب أعمق مستوى جغرافي متوفر. | C2: صف واحد لكل زبون. أرقام التواصل والوسطاء في شيتات مستقلة، و final_geo_unit_id يحسب أعمق مستوى جغرافي متوفر. | D2: صف واحد لكل زبون. أرقام التواصل والوسطاء في شيتات مستقلة، و final_geo_unit_id يحسب أعمق مستوى جغرافي متوفر. | E2: صف واحد لكل زبون. أرقام التواصل والوسطاء في شيتات مستقلة، و final_geo_unit_id يحسب أعمق مستوى جغرافي متوفر. | F2: صف واحد لكل زبون. أرقام التواصل والوسطاء في شيتات مستقلة، و final_geo_unit_id يحسب أعمق مستوى جغرافي متوفر. | G2: صف واحد لكل زبون. أرقام التواصل والوسطاء في شيتات مستقلة، و final_geo_unit_id يحسب أعمق مستوى جغرافي متوفر. | H2: صف واحد لكل زبون. أرقام التواصل والوسطاء في شيتات مستقلة، و final_geo_unit_id يحسب أعمق مستوى جغرافي متوفر. | I2: صف واحد لكل زبون. أرقام التواصل والوسطاء في شيتات مستقلة، و final_geo_unit_id يحسب أعمق مستوى جغرافي متوفر. | J2: صف واحد لكل زبون. أرقام التواصل والوسطاء في شيتات مستقلة، و final_geo_unit_id يحسب أعمق مستوى جغرافي متوفر. | K2: صف واحد لكل زبون. أرقام التواصل والوسطاء في شيتات مستقلة، و final_geo_unit_id يحسب أعمق مستوى جغرافي متوفر. | L2: صف واحد لكل زبون. أرقام التواصل والوسطاء في شيتات مستقلة، و final_geo_unit_id يحسب أعمق مستوى جغرافي متوفر. | M2: صف واحد لكل زبون. أرقام التواصل والوسطاء في شيتات مستقلة، و final_geo_unit_id يحسب أعمق مستوى جغرافي متوفر. | N2: صف واحد لكل زبون. أرقام التواصل والوسطاء في شيتات مستقلة، و final_geo_unit_id يحسب أعمق مستوى جغرافي متوفر. | O2: صف واحد لكل زبون. أرقام التواصل والوسطاء في شيتات مستقلة، و final_geo_unit_id يحسب أعمق مستوى جغرافي متوفر. | P2: صف واحد لكل زبون. أرقام التواصل والوسطاء في شيتات مستقلة، و final_geo_unit_id يحسب أعمق مستوى جغرافي متوفر. | Q2: صف واحد لكل زبون. أرقام التواصل والوسطاء في شيتات مستقلة، و final_geo_unit_id يحسب أعمق مستوى جغرافي متوفر. | R2: صف واحد لكل زبون. أرقام التواصل والوسطاء في شيتات مستقلة، و final_geo_unit_id يحسب أعمق مستوى جغرافي متوفر. | S2: صف واحد لكل زبون. أرقام التواصل والوسطاء في شيتات مستقلة، و final_geo_unit_id يحسب أعمق مستوى جغرافي متوفر. | U2: صف واحد لكل زبون. أرقام التواصل والوسطاء في شيتات مستقلة، و final_geo_unit_id يحسب أعمق مستوى جغرافي متوفر. | V2: صف واحد لكل زبون. أرقام التواصل والوسطاء في شيتات مستقلة، و final_geo_unit_id يحسب أعمق مستوى جغرافي متوفر. | W2: صف واحد لكل زبون. أرقام التواصل والوسطاء في شيتات مستقلة، و final_geo_unit_id يحسب أعمق مستوى جغرافي متوفر. | X2: صف واحد لكل زبون. أرقام التواصل والوسطاء في شيتات مستقلة، و final_geo_unit_id يحسب أعمق مستوى جغرافي متوفر. | Y2: صف واحد لكل زبون. أرقام التواصل والوسطاء في شيتات مستقلة، و final_geo_unit_id يحسب أعمق مستوى جغرافي متوفر. | Z2: صف واحد لكل زبون. أرقام التواصل والوسطاء في شيتات مستقلة، و final_geo_unit_id يحسب أعمق مستوى جغرافي متوفر. | AA2: صف واحد لكل زبون. أرقام التواصل والوسطاء في شيتات مستقلة، و final_geo_unit_id يحسب أعمق مستوى جغرافي متوفر. | AB2: صف واحد لكل زبون. أرقام التواصل والوسطاء في شيتات مستقلة، و final_geo_unit_id يحسب أعمق مستوى جغرافي متوفر. | AC2: صف واحد لكل زبون. أرقام التواصل والوسطاء في شيتات مستقلة، و final_geo_unit_id يحسب أعمق مستوى جغرافي متوفر. | AD2: صف واحد لكل زبون. أرقام التواصل والوسطاء في شيتات مستقلة، و final_geo_unit_id يحسب أعمق مستوى جغرافي متوفر. | AE2: صف واحد لكل زبون. أرقام التواصل والوسطاء في شيتات مستقلة، و final_geo_unit_id يحسب أعمق مستوى جغرافي متوفر. | AF2: صف واحد لكل زبون. أرقام التواصل والوسطاء في شيتات مستقلة، و final_geo_unit_id يحسب أعمق مستوى جغرافي متوفر. | AG2: صف واحد لكل زبون. أرقام التواصل والوسطاء في شيتات مستقلة، و final_geo_unit_id يحسب أعمق مستوى جغرافي متوفر. | AH2: صف واحد لكل زبون. أرقام التواصل والوسطاء في شيتات مستقلة، و final_geo_unit_id يحسب أعمق مستوى جغرافي متوفر. | AI2: صف واحد لكل زبون. أرقام التواصل والوسطاء في شيتات مستقلة، و final_geo_unit_id يحسب أعمق مستوى جغرافي متوفر. | AJ2: صف واحد لكل زبون. أرقام التواصل والوسطاء في شيتات مستقلة، و final_geo_unit_id يحسب أعمق مستوى جغرافي متوفر. | AK2: صف واحد لكل زبون. أرقام التواصل والوسطاء في شيتات مستقلة، و final_geo_unit_id يحسب أعمق مستوى جغرافي متوفر. | AL2: صف واحد لكل زبون. أرقام التواصل والوسطاء في شيتات مستقلة، و final_geo_unit_id يحسب أعمق مستوى جغرافي متوفر. | AM2: صف واحد لكل زبون. أرقام التواصل والوسطاء في شيتات مستقلة، و final_geo_unit_id يحسب أعمق مستوى جغرافي متوفر. | AN2: صف واحد لكل زبون. أرقام التواصل والوسطاء في شيتات مستقلة، و final_geo_unit_id يحسب أعمق مستوى جغرافي متوفر. | AO2: صف واحد لكل زبون. أرقام التواصل والوسطاء في شيتات مستقلة، و final_geo_unit_id يحسب أعمق مستوى جغرافي متوفر. | AP2: صف واحد لكل زبون. أرقام التواصل والوسطاء في شيتات مستقلة، و final_geo_unit_id يحسب أعمق مستوى جغرافي متوفر. | AQ2: صف واحد لكل زبون. أرقام التواصل والوسطاء في شيتات مستقلة، و final_geo_unit_id يحسب أعمق مستوى جغرافي متوفر. | AR2: صف واحد لكل زبون. أرقام التواصل والوسطاء في شيتات مستقلة، و final_geo_unit_id يحسب أعمق مستوى جغرافي متوفر. | AS2: صف واحد لكل زبون. أرقام التواصل والوسطاء في شيتات مستقلة، و final_geo_unit_id يحسب أعمق مستوى جغرافي متوفر. | AT2: صف واحد لكل زبون. أرقام التواصل والوسطاء في شيتات مستقلة، و final_geo_unit_id يحسب أعمق مستوى جغرافي متوفر. | AU2: صف واحد لكل زبون. أرقام التواصل والوسطاء في شيتات مستقلة، و final_geo_unit_id يحسب أعمق مستوى جغرافي متوفر. | AV2: صف واحد لكل زبون. أرقام التواصل والوسطاء في شيتات مستقلة، و final_geo_unit_id يحسب أعمق مستوى جغرافي متوفر. | AW2: صف واحد لكل زبون. أرقام التواصل والوسطاء في شيتات مستقلة، و final_geo_unit_id يحسب أعمق مستوى جغرافي متوفر. | AX2: صف واحد لكل زبون. أرقام التواصل والوسطاء في شيتات مستقلة، و final_geo_unit_id يحسب أعمق مستوى جغرافي متوفر. | AY2: صف واحد لكل زبون. أرقام التواصل والوسطاء في شيتات مستقلة، و final_geo_unit_id يحسب أعمق مستوى جغرافي متوفر. | AZ2: صف واحد لكل زبون. أرقام التواصل والوسطاء في شيتات مستقلة، و final_geo_unit_id يحسب أعمق مستوى جغرافي متوفر. | BA2: صف واحد لكل زبون. أرقام التواصل والوسطاء في شيتات مستقلة، و final_geo_unit_id يحسب أعمق مستوى جغرافي متوفر.
A3: migration_customer_key | B3: import_action | C3: old_system_customer_id | D3: old_source_note | E3: branch_id | F3: branch_name | G3: first_name | H3: father_name | I3: last_name | J3: nickname | K3: full_name_preview | L3: governorate_id | M3: governorate_name | N3: region_id | O3: region_name | P3: sub_area_id | Q3: sub_area_name | R3: neighborhood_id | S3: neighborhood_name | V3: detailed_address | W3: gps_lat | X3: gps_lng | Y3: assignment_user_ids | Z3: is_candidate | AA3: candidate_status | AB3: target_client | AC3: gender | AD3: birth_date | AE3: mother_name | AF3: national_id | AG3: national_id_registry | AH3: national_id_issued_by | AI3: national_id_issue_date | AJ3: national_id_box | AK3: occupation | AL3: spouse_occupation | AM3: water_source | AN3: data_quality | AO3: rating | AP3: do_not_contact | AQ3: cooldown_until | AR3: cooldown_reason | AS3: notes | AT3: cleanup_status | AU3: cleanup_notes | AV3: final_destination | AW3: proposed_move_reason | AX3: proposed_name_key | AY3: triage_decision_notes | AZ3: row_status | BA3: row_issues
A4: ربط الهجرة | B4: ربط الهجرة | C4: ربط الهجرة | D4: ربط الهجرة | E4: الفرع والملكية | F4: الفرع والملكية | G4: هوية الزبون | H4: هوية الزبون | I4: هوية الزبون | J4: هوية الزبون | K4: هوية الزبون | L4: العنوان - 4 مستويات | M4: العنوان - 4 مستويات | N4: العنوان - 4 مستويات | O4: العنوان - 4 مستويات | P4: العنوان - 4 مستويات | Q4: العنوان - 4 مستويات | R4: العنوان - 4 مستويات | S4: العنوان - 4 مستويات | U4: العنوان - 4 مستويات | V4: العنوان | W4: العنوان | X4: العنوان | Y4: الفرع والملكية | Z4: حالة الزبون | AA4: حالة الزبون | AB4: حالة الزبون | AC4: بيانات مدنية | AD4: بيانات مدنية | AE4: بيانات مدنية | AF4: بيانات مدنية | AG4: بيانات مدنية | AH4: بيانات مدنية | AI4: بيانات مدنية | AJ4: بيانات مدنية | AK4: بيانات إضافية | AL4: بيانات إضافية | AM4: بيانات إضافية | AN4: ضبط وتنظيف | AO4: ضبط وتنظيف | AP4: ضبط وتنظيف | AQ4: ضبط وتنظيف | AR4: ضبط وتنظيف | AS4: مراجعة | AT4: مراجعة | AU4: مراجعة | AV4: قرار الفرز | AW4: قرار الفرز | AX4: قرار الفرز | AY4: قرار الفرز | AZ4: مراجعة | BA4: مراجعة
A5: مفتاح الزبون للهجرة | B5: إجراء الاستيراد | C5: ID النظام القديم | D5: مصدر/جدول قديم | E5: ID الفرع | F5: اسم الفرع للمراجعة | G5: الاسم الأول | H5: اسم الأب | I5: الكنية/العائلة | J5: اللقب | K5: الاسم الكامل - تلقائي | L5: ID المحافظة | M5: اسم المحافظة | N5: ID المنطقة | O5: اسم المنطقة | P5: ID الناحية | Q5: اسم الناحية | R5: ID الحي | S5: اسم الحي | T5: العنوان القديم | U5: معلومات عن الموقع / قديم | V5: العنوان التفصيلي | W5: GPS خط العرض | X5: GPS خط الطول | Y5: IDs المستخدمين المسندين | Z5: هل هو مرشح؟ | AA5: حالة المرشح داخل الزبون | AB5: زبون مستهدف | AC5: الجنس | AD5: تاريخ الميلاد | AE5: اسم الأم | AF5: الرقم الوطني | AG5: القيد/السجل | AH5: جهة الإصدار | AI5: تاريخ الإصدار | AJ5: الخانة | AK5: المهنة | AL5: مهنة الزوج/الزوجة | AM5: مصدر المياه | AN5: جودة البيانات | AO5: التقييم | AP5: عدم التواصل | AQ5: إيقاف التواصل حتى | AR5: سبب إيقاف التواصل | AS5: ملاحظات | AT5: حالة التنظيف | AU5: ملاحظات التنظيف | AV5: الوجهة النهائية | AW5: سبب النقل لاسم مقترح | AX5: مفتاح الاسم المقترح | AY5: ملاحظات قرار الفرز | AZ5: حالة الصف - تلقائي | BA5: مشاكل الصف - تلقائي
A6: CUST-0001 | B6: create | C6: old-1388 | D6: legacy_customers | E6: 1 | F6: دمشق | G6: أحمد | H6: خالد | I6: زيتون | J6: أبو أيوب | K6: =IF(TRIM(G6&" "&H6&" "&I6&IF(J6<>""," ("&J6&")",""))="","",TRIM(G6&" "&H6&" "&I6&IF(J6<>""," ("&J6&")",""))) -> أحمد خالد زيتون (أبو أيوب) | L6: 10 | M6: دمشق | N6: 24 | O6: دمشق | P6: 88 | Q6: المزة | R6: 125 | S6: المزة الشرقية | V6: المزة - جانب الحديقة - بناء 12 | W6: 33.5102 | X6: 36.2784 | Y6: 12,18 | Z6: FALSE | AC6: male | AD6: 31179 | AE6: فاطمة | AF6: 01234567890 | AK6: موظف | AM6: شبكة | AN6: correct | AO6: Undefined | AP6: FALSE | AS6: صف مثال - احذفه قبل الاستيراد | AT6: cleaned | AU6: جاهز بعد مطابقة IDs | AV6: client | AY6: جاهز كزبون | AZ6: =IF(AND(A6="",B6="",E6="",G6="",I6="",AV6="",AX6=""),"",IF(OR(B6="skip",AV6="skip"),"SKIP",IF(OR(B6="to_candidate",AV6="proposed_name"),IF(OR(A6="",AW6="",AX6="",COUNTIF($A$6:$A$505,A6)>1),"REVIEW","TO_PROPOSED"),IF(OR(B6="",A6="",E6="",G6="",I6="",U6="",AV6="",COUNTIF($A$6:$A$505,A6)>1,(COUNTIFS('أرقام التواصل'!$A$6:$A$505,"client",'أرقام التواصل'!$B$6:$B$505,A6,'أرقام التواصل'!$I$6:$I$505,"TRUE")+COUNTIFS('أرقام التواصل'!$A$6:$A$505,"client",'أرقام التواصل'!$B$6:$B$505,A6,'أرقام التواصل'!$C$6:$C$505,1))=0),"REVIEW","READY")))) -> REVIEW | BA6: =IF(AZ6="","",IF(OR(AZ6="READY",AZ6="TO_PROPOSED"),"",IF(AZ6="SKIP","Skipped by decision",TRIM(IF(B6="","missing import_action; ","")&IF(A6="","missing migration_customer_key; ","")&IF(AND(A6<>"",COUNTIF($A$6:$A$505,A6)>1),"duplicate migration_customer_key; ","")&IF(AND(NOT(OR(B6="to_candidate",AV6="proposed_name")),E6=""),"missing branch_id; ","")&IF(AND(NOT(OR(B6="to_candidate",AV6="proposed_name")),G6=""),"missing first_name; ","")&IF(AND(NOT(OR(B6="to_candidate",AV6="proposed_name")),I6=""),"missing last_name; ","")&IF(AND(NOT(OR(B6="to_candidate",AV6="proposed_name")),U6=""),"missing final_geo_unit_id; ","")&IF(AV6="","missing final_destination; ","")&IF(AND(NOT(OR(B6="to_candidate",AV6="proposed_name")),(COUNTIFS('أرقام التواصل'!$A$6:$A$505,"client",'أرقام التواصل'!$B$6:$B$505,A6,'أرقام التواصل'!$I$6:$I$505,"TRUE")+COUNTIFS('أرقام التواصل'!$A$6:$A$505,"client",'أرقام التواصل'!$B$6:$B$505,A6,'أرقام التواصل'!$C$6:$C$505,1))=0),"missing primary contact in أرقام التواصل; ","")&IF(OR(B6="to_candidate",AV6="proposed_name"),IF(AW6="","missing proposed_move_reason; ","")&IF(AX6="","missing proposed_name_key; ",""),""))))) -> missing final_geo_unit_id;
A7: CUST-0002 | B7: to_candidate | C7: old-1401 | D7: legacy_excel | E7: 2 | F7: حلب | G7: سارة | I7: حسن | K7: =IF(TRIM(G7&" "&H7&" "&I7&IF(J7<>""," ("&J7&")",""))="","",TRIM(G7&" "&H7&" "&I7&IF(J7<>""," ("&J7&")",""))) -> سارة حسن | L7: 11 | M7: حلب | N7: 31 | O7: حلب | V7: قرب الدوار - العنوان بحاجة تحديد | Z7: FALSE | AC7: female | AN7: needs_edit | AO7: Undefined | AP7: FALSE | AS7: عنوان غير واضح ورقم بحاجة تأكيد | AT7: review_needed | AU7: ينقل لمسار الأسماء المقترحة | AV7: proposed_name | AW7: unclear_address | AX7: PN-CUST-0002 | AY7: يبقى كاسم مقترح حتى تثبيت العنوان | AZ7: =IF(AND(A7="",B7="",E7="",G7="",I7="",AV7="",AX7=""),"",IF(OR(B7="skip",AV7="skip"),"SKIP",IF(OR(B7="to_candidate",AV7="proposed_name"),IF(OR(A7="",AW7="",AX7="",COUNTIF($A$6:$A$505,A7)>1),"REVIEW","TO_PROPOSED"),IF(OR(B7="",A7="",E7="",G7="",I7="",U7="",AV7="",COUNTIF($A$6:$A$505,A7)>1,(COUNTIFS('أرقام التواصل'!$A$6:$A$505,"client",'أرقام التواصل'!$B$6:$B$505,A7,'أرقام التواصل'!$I$6:$I$505,"TRUE")+COUNTIFS('أرقام التواصل'!$A$6:$A$505,"client",'أرقام التواصل'!$B$6:$B$505,A7,'أرقام التواصل'!$C$6:$C$505,1))=0),"REVIEW","READY")))) -> TO_PROPOSED | BA7: =IF(AZ7="","",IF(OR(AZ7="READY",AZ7="TO_PROPOSED"),"",IF(AZ7="SKIP","Skipped by decision",TRIM(IF(B7="","missing import_action; ","")&IF(A7="","missing migration_customer_key; ","")&IF(AND(A7<>"",COUNTIF($A$6:$A$505,A7)>1),"duplicate migration_customer_key; ","")&IF(AND(NOT(OR(B7="to_candidate",AV7="proposed_name")),E7=""),"missing branch_id; ","")&IF(AND(NOT(OR(B7="to_candidate",AV7="proposed_name")),G7=""),"missing first_name; ","")&IF(AND(NOT(OR(B7="to_candidate",AV7="proposed_name")),I7=""),"missing last_name; ","")&IF(AND(NOT(OR(B7="to_candidate",AV7="proposed_name")),U7=""),"missing final_geo_unit_id; ","")&IF(AV7="","missing final_destination; ","")&IF(AND(NOT(OR(B7="to_candidate",AV7="proposed_name")),(COUNTIFS('أرقام التواصل'!$A$6:$A$505,"client",'أرقام التواصل'!$B$6:$B$505,A7,'أرقام التواصل'!$I$6:$I$505,"TRUE")+COUNTIFS('أرقام التواصل'!$A$6:$A$505,"client",'أرقام التواصل'!$B$6:$B$505,A7,'أرقام التواصل'!$C$6:$C$505,1))=0),"missing primary contact in أرقام التواصل; ","")&IF(OR(B7="to_candidate",AV7="proposed_name"),IF(AW7="","missing proposed_move_reason; ","")&IF(AX7="","missing proposed_name_key; ",""),"")))))
K8: =IF(TRIM(G8&" "&H8&" "&I8&IF(J8<>""," ("&J8&")",""))="","",TRIM(G8&" "&H8&" "&I8&IF(J8<>""," ("&J8&")",""))) | U8: =IF(AND(L8="",N8="",P8="",R8=""),"",IF(R8<>"",R8,IF(P8<>"",P8,IF(N8<>"",N8,L8)))) | AZ8: =IF(AND(A8="",B8="",E8="",G8="",I8="",AV8="",AX8=""),"",IF(OR(B8="skip",AV8="skip"),"SKIP",IF(OR(B8="to_candidate",AV8="proposed_name"),IF(OR(A8="",AW8="",AX8="",COUNTIF($A$6:$A$505,A8)>1),"REVIEW","TO_PROPOSED"),IF(OR(B8="",A8="",E8="",G8="",I8="",U8="",AV8="",COUNTIF($A$6:$A$505,A8)>1,(COUNTIFS('أرقام التواصل'!$A$6:$A$505,"client",'أرقام التواصل'!$B$6:$B$505,A8,'أرقام التواصل'!$I$6:$I$505,"TRUE")+COUNTIFS('أرقام التواصل'!$A$6:$A$505,"client",'أرقام التواصل'!$B$6:$B$505,A8,'أرقام التواصل'!$C$6:$C$505,1))=0),"REVIEW","READY")))) | BA8: =IF(AZ8="","",IF(OR(AZ8="READY",AZ8="TO_PROPOSED"),"",IF(AZ8="SKIP","Skipped by decision",TRIM(IF(B8="","missing import_action; ","")&IF(A8="","missing migration_customer_key; ","")&IF(AND(A8<>"",COUNTIF($A$6:$A$505,A8)>1),"duplicate migration_customer_key; ","")&IF(AND(NOT(OR(B8="to_candidate",AV8="proposed_name")),E8=""),"missing branch_id; ","")&IF(AND(NOT(OR(B8="to_candidate",AV8="proposed_name")),G8=""),"missing first_name; ","")&IF(AND(NOT(OR(B8="to_candidate",AV8="proposed_name")),I8=""),"missing last_name; ","")&IF(AND(NOT(OR(B8="to_candidate",AV8="proposed_name")),U8=""),"missing final_geo_unit_id; ","")&IF(AV8="","missing final_destination; ","")&IF(AND(NOT(OR(B8="to_candidate",AV8="proposed_name")),(COUNTIFS('أرقام التواصل'!$A$6:$A$505,"client",'أرقام التواصل'!$B$6:$B$505,A8,'أرقام التواصل'!$I$6:$I$505,"TRUE")+COUNTIFS('أرقام التواصل'!$A$6:$A$505,"client",'أرقام التواصل'!$B$6:$B$505,A8,'أرقام التواصل'!$C$6:$C$505,1))=0),"missing primary contact in أرقام التواصل; ","")&IF(OR(B8="to_candidate",AV8="proposed_name"),IF(AW8="","missing proposed_move_reason; ","")&IF(AX8="","missing proposed_name_key; ",""),"")))))
K9: =IF(TRIM(G9&" "&H9&" "&I9&IF(J9<>""," ("&J9&")",""))="","",TRIM(G9&" "&H9&" "&I9&IF(J9<>""," ("&J9&")",""))) | U9: =IF(AND(L9="",N9="",P9="",R9=""),"",IF(R9<>"",R9,IF(P9<>"",P9,IF(N9<>"",N9,L9)))) | AZ9: =IF(AND(A9="",B9="",E9="",G9="",I9="",AV9="",AX9=""),"",IF(OR(B9="skip",AV9="skip"),"SKIP",IF(OR(B9="to_candidate",AV9="proposed_name"),IF(OR(A9="",AW9="",AX9="",COUNTIF($A$6:$A$505,A9)>1),"REVIEW","TO_PROPOSED"),IF(OR(B9="",A9="",E9="",G9="",I9="",U9="",AV9="",COUNTIF($A$6:$A$505,A9)>1,(COUNTIFS('أرقام التواصل'!$A$6:$A$505,"client",'أرقام التواصل'!$B$6:$B$505,A9,'أرقام التواصل'!$I$6:$I$505,"TRUE")+COUNTIFS('أرقام التواصل'!$A$6:$A$505,"client",'أرقام التواصل'!$B$6:$B$505,A9,'أرقام التواصل'!$C$6:$C$505,1))=0),"REVIEW","READY")))) | BA9: =IF(AZ9="","",IF(OR(AZ9="READY",AZ9="TO_PROPOSED"),"",IF(AZ9="SKIP","Skipped by decision",TRIM(IF(B9="","missing import_action; ","")&IF(A9="","missing migration_customer_key; ","")&IF(AND(A9<>"",COUNTIF($A$6:$A$505,A9)>1),"duplicate migration_customer_key; ","")&IF(AND(NOT(OR(B9="to_candidate",AV9="proposed_name")),E9=""),"missing branch_id; ","")&IF(AND(NOT(OR(B9="to_candidate",AV9="proposed_name")),G9=""),"missing first_name; ","")&IF(AND(NOT(OR(B9="to_candidate",AV9="proposed_name")),I9=""),"missing last_name; ","")&IF(AND(NOT(OR(B9="to_candidate",AV9="proposed_name")),U9=""),"missing final_geo_unit_id; ","")&IF(AV9="","missing final_destination; ","")&IF(AND(NOT(OR(B9="to_candidate",AV9="proposed_name")),(COUNTIFS('أرقام التواصل'!$A$6:$A$505,"client",'أرقام التواصل'!$B$6:$B$505,A9,'أرقام التواصل'!$I$6:$I$505,"TRUE")+COUNTIFS('أرقام التواصل'!$A$6:$A$505,"client",'أرقام التواصل'!$B$6:$B$505,A9,'أرقام التواصل'!$C$6:$C$505,1))=0),"missing primary contact in أرقام التواصل; ","")&IF(OR(B9="to_candidate",AV9="proposed_name"),IF(AW9="","missing proposed_move_reason; ","")&IF(AX9="","missing proposed_name_key; ",""),"")))))
K10: =IF(TRIM(G10&" "&H10&" "&I10&IF(J10<>""," ("&J10&")",""))="","",TRIM(G10&" "&H10&" "&I10&IF(J10<>""," ("&J10&")",""))) | U10: =IF(AND(L10="",N10="",P10="",R10=""),"",IF(R10<>"",R10,IF(P10<>"",P10,IF(N10<>"",N10,L10)))) | AZ10: =IF(AND(A10="",B10="",E10="",G10="",I10="",AV10="",AX10=""),"",IF(OR(B10="skip",AV10="skip"),"SKIP",IF(OR(B10="to_candidate",AV10="proposed_name"),IF(OR(A10="",AW10="",AX10="",COUNTIF($A$6:$A$505,A10)>1),"REVIEW","TO_PROPOSED"),IF(OR(B10="",A10="",E10="",G10="",I10="",U10="",AV10="",COUNTIF($A$6:$A$505,A10)>1,(COUNTIFS('أرقام التواصل'!$A$6:$A$505,"client",'أرقام التواصل'!$B$6:$B$505,A10,'أرقام التواصل'!$I$6:$I$505,"TRUE")+COUNTIFS('أرقام التواصل'!$A$6:$A$505,"client",'أرقام التواصل'!$B$6:$B$505,A10,'أرقام التواصل'!$C$6:$C$505,1))=0),"REVIEW","READY")))) | BA10: =IF(AZ10="","",IF(OR(AZ10="READY",AZ10="TO_PROPOSED"),"",IF(AZ10="SKIP","Skipped by decision",TRIM(IF(B10="","missing import_action; ","")&IF(A10="","missing migration_customer_key; ","")&IF(AND(A10<>"",COUNTIF($A$6:$A$505,A10)>1),"duplicate migration_customer_key; ","")&IF(AND(NOT(OR(B10="to_candidate",AV10="proposed_name")),E10=""),"missing branch_id; ","")&IF(AND(NOT(OR(B10="to_candidate",AV10="proposed_name")),G10=""),"missing first_name; ","")&IF(AND(NOT(OR(B10="to_candidate",AV10="proposed_name")),I10=""),"missing last_name; ","")&IF(AND(NOT(OR(B10="to_candidate",AV10="proposed_name")),U10=""),"missing final_geo_unit_id; ","")&IF(AV10="","missing final_destination; ","")&IF(AND(NOT(OR(B10="to_candidate",AV10="proposed_name")),(COUNTIFS('أرقام التواصل'!$A$6:$A$505,"client",'أرقام التواصل'!$B$6:$B$505,A10,'أرقام التواصل'!$I$6:$I$505,"TRUE")+COUNTIFS('أرقام التواصل'!$A$6:$A$505,"client",'أرقام التواصل'!$B$6:$B$505,A10,'أرقام التواصل'!$C$6:$C$505,1))=0),"missing primary contact in أرقام التواصل; ","")&IF(OR(B10="to_candidate",AV10="proposed_name"),IF(AW10="","missing proposed_move_reason; ","")&IF(AX10="","missing proposed_name_key; ",""),"")))))
K11: =IF(TRIM(G11&" "&H11&" "&I11&IF(J11<>""," ("&J11&")",""))="","",TRIM(G11&" "&H11&" "&I11&IF(J11<>""," ("&J11&")",""))) | U11: =IF(AND(L11="",N11="",P11="",R11=""),"",IF(R11<>"",R11,IF(P11<>"",P11,IF(N11<>"",N11,L11)))) | AZ11: =IF(AND(A11="",B11="",E11="",G11="",I11="",AV11="",AX11=""),"",IF(OR(B11="skip",AV11="skip"),"SKIP",IF(OR(B11="to_candidate",AV11="proposed_name"),IF(OR(A11="",AW11="",AX11="",COUNTIF($A$6:$A$505,A11)>1),"REVIEW","TO_PROPOSED"),IF(OR(B11="",A11="",E11="",G11="",I11="",U11="",AV11="",COUNTIF($A$6:$A$505,A11)>1,(COUNTIFS('أرقام التواصل'!$A$6:$A$505,"client",'أرقام التواصل'!$B$6:$B$505,A11,'أرقام التواصل'!$I$6:$I$505,"TRUE")+COUNTIFS('أرقام التواصل'!$A$6:$A$505,"client",'أرقام التواصل'!$B$6:$B$505,A11,'أرقام التواصل'!$C$6:$C$505,1))=0),"REVIEW","READY")))) | BA11: =IF(AZ11="","",IF(OR(AZ11="READY",AZ11="TO_PROPOSED"),"",IF(AZ11="SKIP","Skipped by decision",TRIM(IF(B11="","missing import_action; ","")&IF(A11="","missing migration_customer_key; ","")&IF(AND(A11<>"",COUNTIF($A$6:$A$505,A11)>1),"duplicate migration_customer_key; ","")&IF(AND(NOT(OR(B11="to_candidate",AV11="proposed_name")),E11=""),"missing branch_id; ","")&IF(AND(NOT(OR(B11="to_candidate",AV11="proposed_name")),G11=""),"missing first_name; ","")&IF(AND(NOT(OR(B11="to_candidate",AV11="proposed_name")),I11=""),"missing last_name; ","")&IF(AND(NOT(OR(B11="to_candidate",AV11="proposed_name")),U11=""),"missing final_geo_unit_id; ","")&IF(AV11="","missing final_destination; ","")&IF(AND(NOT(OR(B11="to_candidate",AV11="proposed_name")),(COUNTIFS('أرقام التواصل'!$A$6:$A$505,"client",'أرقام التواصل'!$B$6:$B$505,A11,'أرقام التواصل'!$I$6:$I$505,"TRUE")+COUNTIFS('أرقام التواصل'!$A$6:$A$505,"client",'أرقام التواصل'!$B$6:$B$505,A11,'أرقام التواصل'!$C$6:$C$505,1))=0),"missing primary contact in أرقام التواصل; ","")&IF(OR(B11="to_candidate",AV11="proposed_name"),IF(AW11="","missing proposed_move_reason; ","")&IF(AX11="","missing proposed_name_key; ",""),"")))))
K12: =IF(TRIM(G12&" "&H12&" "&I12&IF(J12<>""," ("&J12&")",""))="","",TRIM(G12&" "&H12&" "&I12&IF(J12<>""," ("&J12&")",""))) | U12: =IF(AND(L12="",N12="",P12="",R12=""),"",IF(R12<>"",R12,IF(P12<>"",P12,IF(N12<>"",N12,L12)))) | AZ12: =IF(AND(A12="",B12="",E12="",G12="",I12="",AV12="",AX12=""),"",IF(OR(B12="skip",AV12="skip"),"SKIP",IF(OR(B12="to_candidate",AV12="proposed_name"),IF(OR(A12="",AW12="",AX12="",COUNTIF($A$6:$A$505,A12)>1),"REVIEW","TO_PROPOSED"),IF(OR(B12="",A12="",E12="",G12="",I12="",U12="",AV12="",COUNTIF($A$6:$A$505,A12)>1,(COUNTIFS('أرقام التواصل'!$A$6:$A$505,"client",'أرقام التواصل'!$B$6:$B$505,A12,'أرقام التواصل'!$I$6:$I$505,"TRUE")+COUNTIFS('أرقام التواصل'!$A$6:$A$505,"client",'أرقام التواصل'!$B$6:$B$505,A12,'أرقام التواصل'!$C$6:$C$505,1))=0),"REVIEW","READY")))) | BA12: =IF(AZ12="","",IF(OR(AZ12="READY",AZ12="TO_PROPOSED"),"",IF(AZ12="SKIP","Skipped by decision",TRIM(IF(B12="","missing import_action; ","")&IF(A12="","missing migration_customer_key; ","")&IF(AND(A12<>"",COUNTIF($A$6:$A$505,A12)>1),"duplicate migration_customer_key; ","")&IF(AND(NOT(OR(B12="to_candidate",AV12="proposed_name")),E12=""),"missing branch_id; ","")&IF(AND(NOT(OR(B12="to_candidate",AV12="proposed_name")),G12=""),"missing first_name; ","")&IF(AND(NOT(OR(B12="to_candidate",AV12="proposed_name")),I12=""),"missing last_name; ","")&IF(AND(NOT(OR(B12="to_candidate",AV12="proposed_name")),U12=""),"missing final_geo_unit_id; ","")&IF(AV12="","missing final_destination; ","")&IF(AND(NOT(OR(B12="to_candidate",AV12="proposed_name")),(COUNTIFS('أرقام التواصل'!$A$6:$A$505,"client",'أرقام التواصل'!$B$6:$B$505,A12,'أرقام التواصل'!$I$6:$I$505,"TRUE")+COUNTIFS('أرقام التواصل'!$A$6:$A$505,"client",'أرقام التواصل'!$B$6:$B$505,A12,'أرقام التواصل'!$C$6:$C$505,1))=0),"missing primary contact in أرقام التواصل; ","")&IF(OR(B12="to_candidate",AV12="proposed_name"),IF(AW12="","missing proposed_move_reason; ","")&IF(AX12="","missing proposed_name_key; ",""),"")))))
K13: =IF(TRIM(G13&" "&H13&" "&I13&IF(J13<>""," ("&J13&")",""))="","",TRIM(G13&" "&H13&" "&I13&IF(J13<>""," ("&J13&")",""))) | U13: =IF(AND(L13="",N13="",P13="",R13=""),"",IF(R13<>"",R13,IF(P13<>"",P13,IF(N13<>"",N13,L13)))) | AZ13: =IF(AND(A13="",B13="",E13="",G13="",I13="",AV13="",AX13=""),"",IF(OR(B13="skip",AV13="skip"),"SKIP",IF(OR(B13="to_candidate",AV13="proposed_name"),IF(OR(A13="",AW13="",AX13="",COUNTIF($A$6:$A$505,A13)>1),"REVIEW","TO_PROPOSED"),IF(OR(B13="",A13="",E13="",G13="",I13="",U13="",AV13="",COUNTIF($A$6:$A$505,A13)>1,(COUNTIFS('أرقام التواصل'!$A$6:$A$505,"client",'أرقام التواصل'!$B$6:$B$505,A13,'أرقام التواصل'!$I$6:$I$505,"TRUE")+COUNTIFS('أرقام التواصل'!$A$6:$A$505,"client",'أرقام التواصل'!$B$6:$B$505,A13,'أرقام التواصل'!$C$6:$C$505,1))=0),"REVIEW","READY")))) | BA13: =IF(AZ13="","",IF(OR(AZ13="READY",AZ13="TO_PROPOSED"),"",IF(AZ13="SKIP","Skipped by decision",TRIM(IF(B13="","missing import_action; ","")&IF(A13="","missing migration_customer_key; ","")&IF(AND(A13<>"",COUNTIF($A$6:$A$505,A13)>1),"duplicate migration_customer_key; ","")&IF(AND(NOT(OR(B13="to_candidate",AV13="proposed_name")),E13=""),"missing branch_id; ","")&IF(AND(NOT(OR(B13="to_candidate",AV13="proposed_name")),G13=""),"missing first_name; ","")&IF(AND(NOT(OR(B13="to_candidate",AV13="proposed_name")),I13=""),"missing last_name; ","")&IF(AND(NOT(OR(B13="to_candidate",AV13="proposed_name")),U13=""),"missing final_geo_unit_id; ","")&IF(AV13="","missing final_destination; ","")&IF(AND(NOT(OR(B13="to_candidate",AV13="proposed_name")),(COUNTIFS('أرقام التواصل'!$A$6:$A$505,"client",'أرقام التواصل'!$B$6:$B$505,A13,'أرقام التواصل'!$I$6:$I$505,"TRUE")+COUNTIFS('أرقام التواصل'!$A$6:$A$505,"client",'أرقام التواصل'!$B$6:$B$505,A13,'أرقام التواصل'!$C$6:$C$505,1))=0),"missing primary contact in أرقام التواصل; ","")&IF(OR(B13="to_candidate",AV13="proposed_name"),IF(AW13="","missing proposed_move_reason; ","")&IF(AX13="","missing proposed_name_key; ",""),"")))))
K14: =IF(TRIM(G14&" "&H14&" "&I14&IF(J14<>""," ("&J14&")",""))="","",TRIM(G14&" "&H14&" "&I14&IF(J14<>""," ("&J14&")",""))) | U14: =IF(AND(L14="",N14="",P14="",R14=""),"",IF(R14<>"",R14,IF(P14<>"",P14,IF(N14<>"",N14,L14)))) | AZ14: =IF(AND(A14="",B14="",E14="",G14="",I14="",AV14="",AX14=""),"",IF(OR(B14="skip",AV14="skip"),"SKIP",IF(OR(B14="to_candidate",AV14="proposed_name"),IF(OR(A14="",AW14="",AX14="",COUNTIF($A$6:$A$505,A14)>1),"REVIEW","TO_PROPOSED"),IF(OR(B14="",A14="",E14="",G14="",I14="",U14="",AV14="",COUNTIF($A$6:$A$505,A14)>1,(COUNTIFS('أرقام التواصل'!$A$6:$A$505,"client",'أرقام التواصل'!$B$6:$B$505,A14,'أرقام التواصل'!$I$6:$I$505,"TRUE")+COUNTIFS('أرقام التواصل'!$A$6:$A$505,"client",'أرقام التواصل'!$B$6:$B$505,A14,'أرقام التواصل'!$C$6:$C$505,1))=0),"REVIEW","READY")))) | BA14: =IF(AZ14="","",IF(OR(AZ14="READY",AZ14="TO_PROPOSED"),"",IF(AZ14="SKIP","Skipped by decision",TRIM(IF(B14="","missing import_action; ","")&IF(A14="","missing migration_customer_key; ","")&IF(AND(A14<>"",COUNTIF($A$6:$A$505,A14)>1),"duplicate migration_customer_key; ","")&IF(AND(NOT(OR(B14="to_candidate",AV14="proposed_name")),E14=""),"missing branch_id; ","")&IF(AND(NOT(OR(B14="to_candidate",AV14="proposed_name")),G14=""),"missing first_name; ","")&IF(AND(NOT(OR(B14="to_candidate",AV14="proposed_name")),I14=""),"missing last_name; ","")&IF(AND(NOT(OR(B14="to_candidate",AV14="proposed_name")),U14=""),"missing final_geo_unit_id; ","")&IF(AV14="","missing final_destination; ","")&IF(AND(NOT(OR(B14="to_candidate",AV14="proposed_name")),(COUNTIFS('أرقام التواصل'!$A$6:$A$505,"client",'أرقام التواصل'!$B$6:$B$505,A14,'أرقام التواصل'!$I$6:$I$505,"TRUE")+COUNTIFS('أرقام التواصل'!$A$6:$A$505,"client",'أرقام التواصل'!$B$6:$B$505,A14,'أرقام التواصل'!$C$6:$C$505,1))=0),"missing primary contact in أرقام التواصل; ","")&IF(OR(B14="to_candidate",AV14="proposed_name"),IF(AW14="","missing proposed_move_reason; ","")&IF(AX14="","missing proposed_name_key; ",""),"")))))
K15: =IF(TRIM(G15&" "&H15&" "&I15&IF(J15<>""," ("&J15&")",""))="","",TRIM(G15&" "&H15&" "&I15&IF(J15<>""," ("&J15&")",""))) | U15: =IF(AND(L15="",N15="",P15="",R15=""),"",IF(R15<>"",R15,IF(P15<>"",P15,IF(N15<>"",N15,L15)))) | AZ15: =IF(AND(A15="",B15="",E15="",G15="",I15="",AV15="",AX15=""),"",IF(OR(B15="skip",AV15="skip"),"SKIP",IF(OR(B15="to_candidate",AV15="proposed_name"),IF(OR(A15="",AW15="",AX15="",COUNTIF($A$6:$A$505,A15)>1),"REVIEW","TO_PROPOSED"),IF(OR(B15="",A15="",E15="",G15="",I15="",U15="",AV15="",COUNTIF($A$6:$A$505,A15)>1,(COUNTIFS('أرقام التواصل'!$A$6:$A$505,"client",'أرقام التواصل'!$B$6:$B$505,A15,'أرقام التواصل'!$I$6:$I$505,"TRUE")+COUNTIFS('أرقام التواصل'!$A$6:$A$505,"client",'أرقام التواصل'!$B$6:$B$505,A15,'أرقام التواصل'!$C$6:$C$505,1))=0),"REVIEW","READY")))) | BA15: =IF(AZ15="","",IF(OR(AZ15="READY",AZ15="TO_PROPOSED"),"",IF(AZ15="SKIP","Skipped by decision",TRIM(IF(B15="","missing import_action; ","")&IF(A15="","missing migration_customer_key; ","")&IF(AND(A15<>"",COUNTIF($A$6:$A$505,A15)>1),"duplicate migration_customer_key; ","")&IF(AND(NOT(OR(B15="to_candidate",AV15="proposed_name")),E15=""),"missing branch_id; ","")&IF(AND(NOT(OR(B15="to_candidate",AV15="proposed_name")),G15=""),"missing first_name; ","")&IF(AND(NOT(OR(B15="to_candidate",AV15="proposed_name")),I15=""),"missing last_name; ","")&IF(AND(NOT(OR(B15="to_candidate",AV15="proposed_name")),U15=""),"missing final_geo_unit_id; ","")&IF(AV15="","missing final_destination; ","")&IF(AND(NOT(OR(B15="to_candidate",AV15="proposed_name")),(COUNTIFS('أرقام التواصل'!$A$6:$A$505,"client",'أرقام التواصل'!$B$6:$B$505,A15,'أرقام التواصل'!$I$6:$I$505,"TRUE")+COUNTIFS('أرقام التواصل'!$A$6:$A$505,"client",'أرقام التواصل'!$B$6:$B$505,A15,'أرقام التواصل'!$C$6:$C$505,1))=0),"missing primary contact in أرقام التواصل; ","")&IF(OR(B15="to_candidate",AV15="proposed_name"),IF(AW15="","missing proposed_move_reason; ","")&IF(AX15="","missing proposed_name_key; ",""),"")))))
K16: =IF(TRIM(G16&" "&H16&" "&I16&IF(J16<>""," ("&J16&")",""))="","",TRIM(G16&" "&H16&" "&I16&IF(J16<>""," ("&J16&")",""))) | U16: =IF(AND(L16="",N16="",P16="",R16=""),"",IF(R16<>"",R16,IF(P16<>"",P16,IF(N16<>"",N16,L16)))) | AZ16: =IF(AND(A16="",B16="",E16="",G16="",I16="",AV16="",AX16=""),"",IF(OR(B16="skip",AV16="skip"),"SKIP",IF(OR(B16="to_candidate",AV16="proposed_name"),IF(OR(A16="",AW16="",AX16="",COUNTIF($A$6:$A$505,A16)>1),"REVIEW","TO_PROPOSED"),IF(OR(B16="",A16="",E16="",G16="",I16="",U16="",AV16="",COUNTIF($A$6:$A$505,A16)>1,(COUNTIFS('أرقام التواصل'!$A$6:$A$505,"client",'أرقام التواصل'!$B$6:$B$505,A16,'أرقام التواصل'!$I$6:$I$505,"TRUE")+COUNTIFS('أرقام التواصل'!$A$6:$A$505,"client",'أرقام التواصل'!$B$6:$B$505,A16,'أرقام التواصل'!$C$6:$C$505,1))=0),"REVIEW","READY")))) | BA16: =IF(AZ16="","",IF(OR(AZ16="READY",AZ16="TO_PROPOSED"),"",IF(AZ16="SKIP","Skipped by decision",TRIM(IF(B16="","missing import_action; ","")&IF(A16="","missing migration_customer_key; ","")&IF(AND(A16<>"",COUNTIF($A$6:$A$505,A16)>1),"duplicate migration_customer_key; ","")&IF(AND(NOT(OR(B16="to_candidate",AV16="proposed_name")),E16=""),"missing branch_id; ","")&IF(AND(NOT(OR(B16="to_candidate",AV16="proposed_name")),G16=""),"missing first_name; ","")&IF(AND(NOT(OR(B16="to_candidate",AV16="proposed_name")),I16=""),"missing last_name; ","")&IF(AND(NOT(OR(B16="to_candidate",AV16="proposed_name")),U16=""),"missing final_geo_unit_id; ","")&IF(AV16="","missing final_destination; ","")&IF(AND(NOT(OR(B16="to_candidate",AV16="proposed_name")),(COUNTIFS('أرقام التواصل'!$A$6:$A$505,"client",'أرقام التواصل'!$B$6:$B$505,A16,'أرقام التواصل'!$I$6:$I$505,"TRUE")+COUNTIFS('أرقام التواصل'!$A$6:$A$505,"client",'أرقام التواصل'!$B$6:$B$505,A16,'أرقام التواصل'!$C$6:$C$505,1))=0),"missing primary contact in أرقام التواصل; ","")&IF(OR(B16="to_candidate",AV16="proposed_name"),IF(AW16="","missing proposed_move_reason; ","")&IF(AX16="","missing proposed_name_key; ",""),"")))))
K17: =IF(TRIM(G17&" "&H17&" "&I17&IF(J17<>""," ("&J17&")",""))="","",TRIM(G17&" "&H17&" "&I17&IF(J17<>""," ("&J17&")",""))) | U17: =IF(AND(L17="",N17="",P17="",R17=""),"",IF(R17<>"",R17,IF(P17<>"",P17,IF(N17<>"",N17,L17)))) | AZ17: =IF(AND(A17="",B17="",E17="",G17="",I17="",AV17="",AX17=""),"",IF(OR(B17="skip",AV17="skip"),"SKIP",IF(OR(B17="to_candidate",AV17="proposed_name"),IF(OR(A17="",AW17="",AX17="",COUNTIF($A$6:$A$505,A17)>1),"REVIEW","TO_PROPOSED"),IF(OR(B17="",A17="",E17="",G17="",I17="",U17="",AV17="",COUNTIF($A$6:$A$505,A17)>1,(COUNTIFS('أرقام التواصل'!$A$6:$A$505,"client",'أرقام التواصل'!$B$6:$B$505,A17,'أرقام التواصل'!$I$6:$I$505,"TRUE")+COUNTIFS('أرقام التواصل'!$A$6:$A$505,"client",'أرقام التواصل'!$B$6:$B$505,A17,'أرقام التواصل'!$C$6:$C$505,1))=0),"REVIEW","READY")))) | BA17: =IF(AZ17="","",IF(OR(AZ17="READY",AZ17="TO_PROPOSED"),"",IF(AZ17="SKIP","Skipped by decision",TRIM(IF(B17="","missing import_action; ","")&IF(A17="","missing migration_customer_key; ","")&IF(AND(A17<>"",COUNTIF($A$6:$A$505,A17)>1),"duplicate migration_customer_key; ","")&IF(AND(NOT(OR(B17="to_candidate",AV17="proposed_name")),E17=""),"missing branch_id; ","")&IF(AND(NOT(OR(B17="to_candidate",AV17="proposed_name")),G17=""),"missing first_name; ","")&IF(AND(NOT(OR(B17="to_candidate",AV17="proposed_name")),I17=""),"missing last_name; ","")&IF(AND(NOT(OR(B17="to_candidate",AV17="proposed_name")),U17=""),"missing final_geo_unit_id; ","")&IF(AV17="","missing final_destination; ","")&IF(AND(NOT(OR(B17="to_candidate",AV17="proposed_name")),(COUNTIFS('أرقام التواصل'!$A$6:$A$505,"client",'أرقام التواصل'!$B$6:$B$505,A17,'أرقام التواصل'!$I$6:$I$505,"TRUE")+COUNTIFS('أرقام التواصل'!$A$6:$A$505,"client",'أرقام التواصل'!$B$6:$B$505,A17,'أرقام التواصل'!$C$6:$C$505,1))=0),"missing primary contact in أرقام التواصل; ","")&IF(OR(B17="to_candidate",AV17="proposed_name"),IF(AW17="","missing proposed_move_reason; ","")&IF(AX17="","missing proposed_name_key; ",""),"")))))
K18: =IF(TRIM(G18&" "&H18&" "&I18&IF(J18<>""," ("&J18&")",""))="","",TRIM(G18&" "&H18&" "&I18&IF(J18<>""," ("&J18&")",""))) | U18: =IF(AND(L18="",N18="",P18="",R18=""),"",IF(R18<>"",R18,IF(P18<>"",P18,IF(N18<>"",N18,L18)))) | AZ18: =IF(AND(A18="",B18="",E18="",G18="",I18="",AV18="",AX18=""),"",IF(OR(B18="skip",AV18="skip"),"SKIP",IF(OR(B18="to_candidate",AV18="proposed_name"),IF(OR(A18="",AW18="",AX18="",COUNTIF($A$6:$A$505,A18)>1),"REVIEW","TO_PROPOSED"),IF(OR(B18="",A18="",E18="",G18="",I18="",U18="",AV18="",COUNTIF($A$6:$A$505,A18)>1,(COUNTIFS('أرقام التواصل'!$A$6:$A$505,"client",'أرقام التواصل'!$B$6:$B$505,A18,'أرقام التواصل'!$I$6:$I$505,"TRUE")+COUNTIFS('أرقام التواصل'!$A$6:$A$505,"client",'أرقام التواصل'!$B$6:$B$505,A18,'أرقام التواصل'!$C$6:$C$505,1))=0),"REVIEW","READY")))) | BA18: =IF(AZ18="","",IF(OR(AZ18="READY",AZ18="TO_PROPOSED"),"",IF(AZ18="SKIP","Skipped by decision",TRIM(IF(B18="","missing import_action; ","")&IF(A18="","missing migration_customer_key; ","")&IF(AND(A18<>"",COUNTIF($A$6:$A$505,A18)>1),"duplicate migration_customer_key; ","")&IF(AND(NOT(OR(B18="to_candidate",AV18="proposed_name")),E18=""),"missing branch_id; ","")&IF(AND(NOT(OR(B18="to_candidate",AV18="proposed_name")),G18=""),"missing first_name; ","")&IF(AND(NOT(OR(B18="to_candidate",AV18="proposed_name")),I18=""),"missing last_name; ","")&IF(AND(NOT(OR(B18="to_candidate",AV18="proposed_name")),U18=""),"missing final_geo_unit_id; ","")&IF(AV18="","missing final_destination; ","")&IF(AND(NOT(OR(B18="to_candidate",AV18="proposed_name")),(COUNTIFS('أرقام التواصل'!$A$6:$A$505,"client",'أرقام التواصل'!$B$6:$B$505,A18,'أرقام التواصل'!$I$6:$I$505,"TRUE")+COUNTIFS('أرقام التواصل'!$A$6:$A$505,"client",'أرقام التواصل'!$B$6:$B$505,A18,'أرقام التواصل'!$C$6:$C$505,1))=0),"missing primary contact in أرقام التواصل; ","")&IF(OR(B18="to_candidate",AV18="proposed_name"),IF(AW18="","missing proposed_move_reason; ","")&IF(AX18="","missing proposed_name_key; ",""),"")))))
K19: =IF(TRIM(G19&" "&H19&" "&I19&IF(J19<>""," ("&J19&")",""))="","",TRIM(G19&" "&H19&" "&I19&IF(J19<>""," ("&J19&")",""))) | U19: =IF(AND(L19="",N19="",P19="",R19=""),"",IF(R19<>"",R19,IF(P19<>"",P19,IF(N19<>"",N19,L19)))) | AZ19: =IF(AND(A19="",B19="",E19="",G19="",I19="",AV19="",AX19=""),"",IF(OR(B19="skip",AV19="skip"),"SKIP",IF(OR(B19="to_candidate",AV19="proposed_name"),IF(OR(A19="",AW19="",AX19="",COUNTIF($A$6:$A$505,A19)>1),"REVIEW","TO_PROPOSED"),IF(OR(B19="",A19="",E19="",G19="",I19="",U19="",AV19="",COUNTIF($A$6:$A$505,A19)>1,(COUNTIFS('أرقام التواصل'!$A$6:$A$505,"client",'أرقام التواصل'!$B$6:$B$505,A19,'أرقام التواصل'!$I$6:$I$505,"TRUE")+COUNTIFS('أرقام التواصل'!$A$6:$A$505,"client",'أرقام التواصل'!$B$6:$B$505,A19,'أرقام التواصل'!$C$6:$C$505,1))=0),"REVIEW","READY")))) | BA19: =IF(AZ19="","",IF(OR(AZ19="READY",AZ19="TO_PROPOSED"),"",IF(AZ19="SKIP","Skipped by decision",TRIM(IF(B19="","missing import_action; ","")&IF(A19="","missing migration_customer_key; ","")&IF(AND(A19<>"",COUNTIF($A$6:$A$505,A19)>1),"duplicate migration_customer_key; ","")&IF(AND(NOT(OR(B19="to_candidate",AV19="proposed_name")),E19=""),"missing branch_id; ","")&IF(AND(NOT(OR(B19="to_candidate",AV19="proposed_name")),G19=""),"missing first_name; ","")&IF(AND(NOT(OR(B19="to_candidate",AV19="proposed_name")),I19=""),"missing last_name; ","")&IF(AND(NOT(OR(B19="to_candidate",AV19="proposed_name")),U19=""),"missing final_geo_unit_id; ","")&IF(AV19="","missing final_destination; ","")&IF(AND(NOT(OR(B19="to_candidate",AV19="proposed_name")),(COUNTIFS('أرقام التواصل'!$A$6:$A$505,"client",'أرقام التواصل'!$B$6:$B$505,A19,'أرقام التواصل'!$I$6:$I$505,"TRUE")+COUNTIFS('أرقام التواصل'!$A$6:$A$505,"client",'أرقام التواصل'!$B$6:$B$505,A19,'أرقام التواصل'!$C$6:$C$505,1))=0),"missing primary contact in أرقام التواصل; ","")&IF(OR(B19="to_candidate",AV19="proposed_name"),IF(AW19="","missing proposed_move_reason; ","")&IF(AX19="","missing proposed_name_key; ",""),"")))))
... K505: =IF(TRIM(G505&" "&H505&" "&I505&IF(J505<>""," ("&J505&")",""))="","",TRIM(G505&" "&H505&" "&I505&IF(J505<>""," ("&J505&")",""))) | U505: =IF(AND(L505="",N505="",P505="",R505=""),"",IF(R505<>"",R505,IF(P505<>"",P505,IF(N505<>"",N505,L505)))) | AZ505: =IF(AND(A505="",B505="",E505="",G505="",I505="",AV505="",AX505=""),"",IF(OR(B505="skip",AV505="skip"),"SKIP",IF(OR(B505="to_candidate",AV505="proposed_name"),IF(OR(A505="",AW505="",AX505="",COUNTIF($A$6:$A$505,A505)>1),"REVIEW","TO_PROPOSED"),IF(OR(B505="",A505="",E505="",G505="",I505="",U505="",AV505="",COUNTIF($A$6:$A$505,A505)>1,(COUNTIFS('أرقام التواصل'!$A$6:$A$505,"client",'أرقام التواصل'!$B$6:$B$505,A505,'أرقام التواصل'!$I$6:$I$505,"TRUE")+COUNTIFS('أرقام التواصل'!$A$6:$A$505,"client",'أرقام التواصل'!$B$6:$B$505,A505,'أرقام التواصل'!$C$6:$C$505,1))=0),"REVIEW","READY")))) | BA505: =IF(AZ505="","",IF(OR(AZ505="READY",AZ505="TO_PROPOSED"),"",IF(AZ505="SKIP","Skipped by decision",TRIM(IF(B505="","missing import_action; ","")&IF(A505="","missing migration_customer_key; ","")&IF(AND(A505<>"",COUNTIF($A$6:$A$505,A505)>1),"duplicate migration_customer_key; ","")&IF(AND(NOT(OR(B505="to_candidate",AV505="proposed_name")),E505=""),"missing branch_id; ","")&IF(AND(NOT(OR(B505="to_candidate",AV505="proposed_name")),G505=""),"missing first_name; ","")&IF(AND(NOT(OR(B505="to_candidate",AV505="proposed_name")),I505=""),"missing last_name; ","")&IF(AND(NOT(OR(B505="to_candidate",AV505="proposed_name")),U505=""),"missing final_geo_unit_id; ","")&IF(AV505="","missing final_destination; ","")&IF(AND(NOT(OR(B505="to_candidate",AV505="proposed_name")),(COUNTIFS('أرقام التواصل'!$A$6:$A$505,"client",'أرقام التواصل'!$B$6:$B$505,A505,'أرقام التواصل'!$I$6:$I$505,"TRUE")+COUNTIFS('أرقام التواصل'!$A$6:$A$505,"client",'أرقام التواصل'!$B$6:$B$505,A505,'أرقام التواصل'!$C$6:$C$505,1))=0),"missing primary contact in أرقام التواصل; ","")&IF(OR(B505="to_candidate",AV505="proposed_name"),IF(AW505="","missing proposed_move_reason; ","")&IF(AX505="","missing proposed_name_key; ",""),"")))))

Sheet أرقام التواصل
A1: أرقام التواصل | B1: أرقام التواصل | C1: أرقام التواصل | D1: أرقام التواصل | E1: أرقام التواصل | F1: أرقام التواصل | G1: أرقام التواصل | H1: أرقام التواصل | I1: أرقام التواصل | J1: أرقام التواصل | K1: أرقام التواصل | L1: أرقام التواصل | M1: أرقام التواصل | N1: أرقام التواصل
A2: كل الأرقام هنا للزبائن والأسماء المقترحة. اربط الصف عبر entity_type + entity_key. contact_order=1 هو الرقم الأساسي. | B2: كل الأرقام هنا للزبائن والأسماء المقترحة. اربط الصف عبر entity_type + entity_key. contact_order=1 هو الرقم الأساسي. | C2: كل الأرقام هنا للزبائن والأسماء المقترحة. اربط الصف عبر entity_type + entity_key. contact_order=1 هو الرقم الأساسي. | D2: كل الأرقام هنا للزبائن والأسماء المقترحة. اربط الصف عبر entity_type + entity_key. contact_order=1 هو الرقم الأساسي. | E2: كل الأرقام هنا للزبائن والأسماء المقترحة. اربط الصف عبر entity_type + entity_key. contact_order=1 هو الرقم الأساسي. | F2: كل الأرقام هنا للزبائن والأسماء المقترحة. اربط الصف عبر entity_type + entity_key. contact_order=1 هو الرقم الأساسي. | G2: كل الأرقام هنا للزبائن والأسماء المقترحة. اربط الصف عبر entity_type + entity_key. contact_order=1 هو الرقم الأساسي. | H2: كل الأرقام هنا للزبائن والأسماء المقترحة. اربط الصف عبر entity_type + entity_key. contact_order=1 هو الرقم الأساسي. | I2: كل الأرقام هنا للزبائن والأسماء المقترحة. اربط الصف عبر entity_type + entity_key. contact_order=1 هو الرقم الأساسي. | J2: كل الأرقام هنا للزبائن والأسماء المقترحة. اربط الصف عبر entity_type + entity_key. contact_order=1 هو الرقم الأساسي. | K2: كل الأرقام هنا للزبائن والأسماء المقترحة. اربط الصف عبر entity_type + entity_key. contact_order=1 هو الرقم الأساسي. | L2: كل الأرقام هنا للزبائن والأسماء المقترحة. اربط الصف عبر entity_type + entity_key. contact_order=1 هو الرقم الأساسي. | M2: كل الأرقام هنا للزبائن والأسماء المقترحة. اربط الصف عبر entity_type + entity_key. contact_order=1 هو الرقم الأساسي. | N2: كل الأرقام هنا للزبائن والأسماء المقترحة. اربط الصف عبر entity_type + entity_key. contact_order=1 هو الرقم الأساسي.
A3: entity_type | B3: entity_key | C3: contact_order | D3: contact_type | E3: number | F3: area_code | G3: label | H3: has_whatsapp | I3: is_primary | J3: status | K3: cleanup_status | L3: notes | M3: row_status | N3: row_issues
A4: ربط | B4: ربط | C4: التواصل | D4: التواصل | E4: التواصل | F4: التواصل | G4: التواصل | H4: التواصل | I4: التواصل | J4: التواصل | K4: مراجعة | L4: مراجعة | M4: مراجعة | N4: مراجعة
A5: نوع السجل | B5: مفتاح السجل | C5: ترتيب الرقم | D5: نوع الرقم | E5: الرقم | F5: رمز المنطقة | G5: وصف الرقم | H5: واتساب | I5: أساسي؟ | J5: حالة الرقم | K5: حالة التنظيف | L5: ملاحظات | M5: حالة الصف - تلقائي | N5: مشاكل الصف - تلقائي
A6: client | B6: CUST-0001 | C6: 1 | D6: mobile | E6: 912345678 | G6: أساسي | H6: TRUE | I6: TRUE | J6: active | K6: cleaned | L6: الرقم الأساسي للزبون | M6: =IF(AND(A6="",B6="",E6=""),"",IF(OR(A6="",B6="",C6="",D6="",E6="",J6="",AND(A6="client",COUNTIF(الزبائن!$A$6:$A$505,B6)=0),AND(A6="proposed_name",COUNTIF('أسماء مقترحة'!$A$6:$A$505,B6)=0),AND(D6="mobile",J6<>"invalid",NOT(OR(AND(LEN(E6&"")=10,LEFT(E6&"",2)="09"),AND(LEN(E6&"")=9,LEFT(E6&"",1)="9")))),COUNTIFS($A$6:$A$505,A6,$B$6:$B$505,B6,$E$6:$E$505,E6)>1),"REVIEW","READY")) -> READY | N6: =IF(M6="","",IF(M6="READY","",TRIM(IF(A6="","missing entity_type; ","")&IF(B6="","missing entity_key; ","")&IF(C6="","missing contact_order; ","")&IF(D6="","missing contact_type; ","")&IF(E6="","missing number; ","")&IF(J6="","missing status; ","")&IF(AND(A6="client",COUNTIF(الزبائن!$A$6:$A$505,B6)=0),"client key not found; ","")&IF(AND(A6="proposed_name",COUNTIF('أسماء مقترحة'!$A$6:$A$505,B6)=0),"proposed_name key not found; ","")&IF(AND(D6="mobile",J6<>"invalid",NOT(OR(AND(LEN(E6&"")=10,LEFT(E6&"",2)="09"),AND(LEN(E6&"")=9,LEFT(E6&"",1)="9")))),"mobile must be 09XXXXXXXX or status invalid; ","")&IF(COUNTIFS($A$6:$A$505,A6,$B$6:$B$505,B6,$E$6:$E$505,E6)>1,"duplicate number for same entity; ",""))))
A7: client | B7: CUST-0001 | C7: 2 | D7: landline | E7: 1234567 | F7: 011 | G7: منزل | H7: FALSE | I7: FALSE | J7: active | K7: cleaned | M7: =IF(AND(A7="",B7="",E7=""),"",IF(OR(A7="",B7="",C7="",D7="",E7="",J7="",AND(A7="client",COUNTIF(الزبائن!$A$6:$A$505,B7)=0),AND(A7="proposed_name",COUNTIF('أسماء مقترحة'!$A$6:$A$505,B7)=0),AND(D7="mobile",J7<>"invalid",NOT(OR(AND(LEN(E7&"")=10,LEFT(E7&"",2)="09"),AND(LEN(E7&"")=9,LEFT(E7&"",1)="9")))),COUNTIFS($A$6:$A$505,A7,$B$6:$B$505,B7,$E$6:$E$505,E7)>1),"REVIEW","READY")) -> READY | N7: =IF(M7="","",IF(M7="READY","",TRIM(IF(A7="","missing entity_type; ","")&IF(B7="","missing entity_key; ","")&IF(C7="","missing contact_order; ","")&IF(D7="","missing contact_type; ","")&IF(E7="","missing number; ","")&IF(J7="","missing status; ","")&IF(AND(A7="client",COUNTIF(الزبائن!$A$6:$A$505,B7)=0),"client key not found; ","")&IF(AND(A7="proposed_name",COUNTIF('أسماء مقترحة'!$A$6:$A$505,B7)=0),"proposed_name key not found; ","")&IF(AND(D7="mobile",J7<>"invalid",NOT(OR(AND(LEN(E7&"")=10,LEFT(E7&"",2)="09"),AND(LEN(E7&"")=9,LEFT(E7&"",1)="9")))),"mobile must be 09XXXXXXXX or status invalid; ","")&IF(COUNTIFS($A$6:$A$505,A7,$B$6:$B$505,B7,$E$6:$E$505,E7)>1,"duplicate number for same entity; ",""))))
A8: proposed_name | B8: PN-CUST-0002 | C8: 1 | D8: mobile | E8: 998765432 | G8: رقم من النظام القديم | H8: FALSE | I8: TRUE | J8: preferred | K8: review_needed | L8: يتأكد قبل التحويل لزبون | M8: =IF(AND(A8="",B8="",E8=""),"",IF(OR(A8="",B8="",C8="",D8="",E8="",J8="",AND(A8="client",COUNTIF(الزبائن!$A$6:$A$505,B8)=0),AND(A8="proposed_name",COUNTIF('أسماء مقترحة'!$A$6:$A$505,B8)=0),AND(D8="mobile",J8<>"invalid",NOT(OR(AND(LEN(E8&"")=10,LEFT(E8&"",2)="09"),AND(LEN(E8&"")=9,LEFT(E8&"",1)="9")))),COUNTIFS($A$6:$A$505,A8,$B$6:$B$505,B8,$E$6:$E$505,E8)>1),"REVIEW","READY")) -> READY | N8: =IF(M8="","",IF(M8="READY","",TRIM(IF(A8="","missing entity_type; ","")&IF(B8="","missing entity_key; ","")&IF(C8="","missing contact_order; ","")&IF(D8="","missing contact_type; ","")&IF(E8="","missing number; ","")&IF(J8="","missing status; ","")&IF(AND(A8="client",COUNTIF(الزبائن!$A$6:$A$505,B8)=0),"client key not found; ","")&IF(AND(A8="proposed_name",COUNTIF('أسماء مقترحة'!$A$6:$A$505,B8)=0),"proposed_name key not found; ","")&IF(AND(D8="mobile",J8<>"invalid",NOT(OR(AND(LEN(E8&"")=10,LEFT(E8&"",2)="09"),AND(LEN(E8&"")=9,LEFT(E8&"",1)="9")))),"mobile must be 09XXXXXXXX or status invalid; ","")&IF(COUNTIFS($A$6:$A$505,A8,$B$6:$B$505,B8,$E$6:$E$505,E8)>1,"duplicate number for same entity; ",""))))
M9: =IF(AND(A9="",B9="",E9=""),"",IF(OR(A9="",B9="",C9="",D9="",E9="",J9="",AND(A9="client",COUNTIF(الزبائن!$A$6:$A$505,B9)=0),AND(A9="proposed_name",COUNTIF('أسماء مقترحة'!$A$6:$A$505,B9)=0),AND(D9="mobile",J9<>"invalid",NOT(OR(AND(LEN(E9&"")=10,LEFT(E9&"",2)="09"),AND(LEN(E9&"")=9,LEFT(E9&"",1)="9")))),COUNTIFS($A$6:$A$505,A9,$B$6:$B$505,B9,$E$6:$E$505,E9)>1),"REVIEW","READY")) | N9: =IF(M9="","",IF(M9="READY","",TRIM(IF(A9="","missing entity_type; ","")&IF(B9="","missing entity_key; ","")&IF(C9="","missing contact_order; ","")&IF(D9="","missing contact_type; ","")&IF(E9="","missing number; ","")&IF(J9="","missing status; ","")&IF(AND(A9="client",COUNTIF(الزبائن!$A$6:$A$505,B9)=0),"client key not found; ","")&IF(AND(A9="proposed_name",COUNTIF('أسماء مقترحة'!$A$6:$A$505,B9)=0),"proposed_name key not found; ","")&IF(AND(D9="mobile",J9<>"invalid",NOT(OR(AND(LEN(E9&"")=10,LEFT(E9&"",2)="09"),AND(LEN(E9&"")=9,LEFT(E9&"",1)="9")))),"mobile must be 09XXXXXXXX or status invalid; ","")&IF(COUNTIFS($A$6:$A$505,A9,$B$6:$B$505,B9,$E$6:$E$505,E9)>1,"duplicate number for same entity; ",""))))
M10: =IF(AND(A10="",B10="",E10=""),"",IF(OR(A10="",B10="",C10="",D10="",E10="",J10="",AND(A10="client",COUNTIF(الزبائن!$A$6:$A$505,B10)=0),AND(A10="proposed_name",COUNTIF('أسماء مقترحة'!$A$6:$A$505,B10)=0),AND(D10="mobile",J10<>"invalid",NOT(OR(AND(LEN(E10&"")=10,LEFT(E10&"",2)="09"),AND(LEN(E10&"")=9,LEFT(E10&"",1)="9")))),COUNTIFS($A$6:$A$505,A10,$B$6:$B$505,B10,$E$6:$E$505,E10)>1),"REVIEW","READY")) | N10: =IF(M10="","",IF(M10="READY","",TRIM(IF(A10="","missing entity_type; ","")&IF(B10="","missing entity_key; ","")&IF(C10="","missing contact_order; ","")&IF(D10="","missing contact_type; ","")&IF(E10="","missing number; ","")&IF(J10="","missing status; ","")&IF(AND(A10="client",COUNTIF(الزبائن!$A$6:$A$505,B10)=0),"client key not found; ","")&IF(AND(A10="proposed_name",COUNTIF('أسماء مقترحة'!$A$6:$A$505,B10)=0),"proposed_name key not found; ","")&IF(AND(D10="mobile",J10<>"invalid",NOT(OR(AND(LEN(E10&"")=10,LEFT(E10&"",2)="09"),AND(LEN(E10&"")=9,LEFT(E10&"",1)="9")))),"mobile must be 09XXXXXXXX or status invalid; ","")&IF(COUNTIFS($A$6:$A$505,A10,$B$6:$B$505,B10,$E$6:$E$505,E10)>1,"duplicate number for same entity; ",""))))
M11: =IF(AND(A11="",B11="",E11=""),"",IF(OR(A11="",B11="",C11="",D11="",E11="",J11="",AND(A11="client",COUNTIF(الزبائن!$A$6:$A$505,B11)=0),AND(A11="proposed_name",COUNTIF('أسماء مقترحة'!$A$6:$A$505,B11)=0),AND(D11="mobile",J11<>"invalid",NOT(OR(AND(LEN(E11&"")=10,LEFT(E11&"",2)="09"),AND(LEN(E11&"")=9,LEFT(E11&"",1)="9")))),COUNTIFS($A$6:$A$505,A11,$B$6:$B$505,B11,$E$6:$E$505,E11)>1),"REVIEW","READY")) | N11: =IF(M11="","",IF(M11="READY","",TRIM(IF(A11="","missing entity_type; ","")&IF(B11="","missing entity_key; ","")&IF(C11="","missing contact_order; ","")&IF(D11="","missing contact_type; ","")&IF(E11="","missing number; ","")&IF(J11="","missing status; ","")&IF(AND(A11="client",COUNTIF(الزبائن!$A$6:$A$505,B11)=0),"client key not found; ","")&IF(AND(A11="proposed_name",COUNTIF('أسماء مقترحة'!$A$6:$A$505,B11)=0),"proposed_name key not found; ","")&IF(AND(D11="mobile",J11<>"invalid",NOT(OR(AND(LEN(E11&"")=10,LEFT(E11&"",2)="09"),AND(LEN(E11&"")=9,LEFT(E11&"",1)="9")))),"mobile must be 09XXXXXXXX or status invalid; ","")&IF(COUNTIFS($A$6:$A$505,A11,$B$6:$B$505,B11,$E$6:$E$505,E11)>1,"duplicate number for same entity; ",""))))
M12: =IF(AND(A12="",B12="",E12=""),"",IF(OR(A12="",B12="",C12="",D12="",E12="",J12="",AND(A12="client",COUNTIF(الزبائن!$A$6:$A$505,B12)=0),AND(A12="proposed_name",COUNTIF('أسماء مقترحة'!$A$6:$A$505,B12)=0),AND(D12="mobile",J12<>"invalid",NOT(OR(AND(LEN(E12&"")=10,LEFT(E12&"",2)="09"),AND(LEN(E12&"")=9,LEFT(E12&"",1)="9")))),COUNTIFS($A$6:$A$505,A12,$B$6:$B$505,B12,$E$6:$E$505,E12)>1),"REVIEW","READY")) | N12: =IF(M12="","",IF(M12="READY","",TRIM(IF(A12="","missing entity_type; ","")&IF(B12="","missing entity_key; ","")&IF(C12="","missing contact_order; ","")&IF(D12="","missing contact_type; ","")&IF(E12="","missing number; ","")&IF(J12="","missing status; ","")&IF(AND(A12="client",COUNTIF(الزبائن!$A$6:$A$505,B12)=0),"client key not found; ","")&IF(AND(A12="proposed_name",COUNTIF('أسماء مقترحة'!$A$6:$A$505,B12)=0),"proposed_name key not found; ","")&IF(AND(D12="mobile",J12<>"invalid",NOT(OR(AND(LEN(E12&"")=10,LEFT(E12&"",2)="09"),AND(LEN(E12&"")=9,LEFT(E12&"",1)="9")))),"mobile must be 09XXXXXXXX or status invalid; ","")&IF(COUNTIFS($A$6:$A$505,A12,$B$6:$B$505,B12,$E$6:$E$505,E12)>1,"duplicate number for same entity; ",""))))
M13: =IF(AND(A13="",B13="",E13=""),"",IF(OR(A13="",B13="",C13="",D13="",E13="",J13="",AND(A13="client",COUNTIF(الزبائن!$A$6:$A$505,B13)=0),AND(A13="proposed_name",COUNTIF('أسماء مقترحة'!$A$6:$A$505,B13)=0),AND(D13="mobile",J13<>"invalid",NOT(OR(AND(LEN(E13&"")=10,LEFT(E13&"",2)="09"),AND(LEN(E13&"")=9,LEFT(E13&"",1)="9")))),COUNTIFS($A$6:$A$505,A13,$B$6:$B$505,B13,$E$6:$E$505,E13)>1),"REVIEW","READY")) | N13: =IF(M13="","",IF(M13="READY","",TRIM(IF(A13="","missing entity_type; ","")&IF(B13="","missing entity_key; ","")&IF(C13="","missing contact_order; ","")&IF(D13="","missing contact_type; ","")&IF(E13="","missing number; ","")&IF(J13="","missing status; ","")&IF(AND(A13="client",COUNTIF(الزبائن!$A$6:$A$505,B13)=0),"client key not found; ","")&IF(AND(A13="proposed_name",COUNTIF('أسماء مقترحة'!$A$6:$A$505,B13)=0),"proposed_name key not found; ","")&IF(AND(D13="mobile",J13<>"invalid",NOT(OR(AND(LEN(E13&"")=10,LEFT(E13&"",2)="09"),AND(LEN(E13&"")=9,LEFT(E13&"",1)="9")))),"mobile must be 09XXXXXXXX or status invalid; ","")&IF(COUNTIFS($A$6:$A$505,A13,$B$6:$B$505,B13,$E$6:$E$505,E13)>1,"duplicate number for same entity; ",""))))
M14: =IF(AND(A14="",B14="",E14=""),"",IF(OR(A14="",B14="",C14="",D14="",E14="",J14="",AND(A14="client",COUNTIF(الزبائن!$A$6:$A$505,B14)=0),AND(A14="proposed_name",COUNTIF('أسماء مقترحة'!$A$6:$A$505,B14)=0),AND(D14="mobile",J14<>"invalid",NOT(OR(AND(LEN(E14&"")=10,LEFT(E14&"",2)="09"),AND(LEN(E14&"")=9,LEFT(E14&"",1)="9")))),COUNTIFS($A$6:$A$505,A14,$B$6:$B$505,B14,$E$6:$E$505,E14)>1),"REVIEW","READY")) | N14: =IF(M14="","",IF(M14="READY","",TRIM(IF(A14="","missing entity_type; ","")&IF(B14="","missing entity_key; ","")&IF(C14="","missing contact_order; ","")&IF(D14="","missing contact_type; ","")&IF(E14="","missing number; ","")&IF(J14="","missing status; ","")&IF(AND(A14="client",COUNTIF(الزبائن!$A$6:$A$505,B14)=0),"client key not found; ","")&IF(AND(A14="proposed_name",COUNTIF('أسماء مقترحة'!$A$6:$A$505,B14)=0),"proposed_name key not found; ","")&IF(AND(D14="mobile",J14<>"invalid",NOT(OR(AND(LEN(E14&"")=10,LEFT(E14&"",2)="09"),AND(LEN(E14&"")=9,LEFT(E14&"",1)="9")))),"mobile must be 09XXXXXXXX or status invalid; ","")&IF(COUNTIFS($A$6:$A$505,A14,$B$6:$B$505,B14,$E$6:$E$505,E14)>1,"duplicate number for same entity; ",""))))
M15: =IF(AND(A15="",B15="",E15=""),"",IF(OR(A15="",B15="",C15="",D15="",E15="",J15="",AND(A15="client",COUNTIF(الزبائن!$A$6:$A$505,B15)=0),AND(A15="proposed_name",COUNTIF('أسماء مقترحة'!$A$6:$A$505,B15)=0),AND(D15="mobile",J15<>"invalid",NOT(OR(AND(LEN(E15&"")=10,LEFT(E15&"",2)="09"),AND(LEN(E15&"")=9,LEFT(E15&"",1)="9")))),COUNTIFS($A$6:$A$505,A15,$B$6:$B$505,B15,$E$6:$E$505,E15)>1),"REVIEW","READY")) | N15: =IF(M15="","",IF(M15="READY","",TRIM(IF(A15="","missing entity_type; ","")&IF(B15="","missing entity_key; ","")&IF(C15="","missing contact_order; ","")&IF(D15="","missing contact_type; ","")&IF(E15="","missing number; ","")&IF(J15="","missing status; ","")&IF(AND(A15="client",COUNTIF(الزبائن!$A$6:$A$505,B15)=0),"client key not found; ","")&IF(AND(A15="proposed_name",COUNTIF('أسماء مقترحة'!$A$6:$A$505,B15)=0),"proposed_name key not found; ","")&IF(AND(D15="mobile",J15<>"invalid",NOT(OR(AND(LEN(E15&"")=10,LEFT(E15&"",2)="09"),AND(LEN(E15&"")=9,LEFT(E15&"",1)="9")))),"mobile must be 09XXXXXXXX or status invalid; ","")&IF(COUNTIFS($A$6:$A$505,A15,$B$6:$B$505,B15,$E$6:$E$505,E15)>1,"duplicate number for same entity; ",""))))
M16: =IF(AND(A16="",B16="",E16=""),"",IF(OR(A16="",B16="",C16="",D16="",E16="",J16="",AND(A16="client",COUNTIF(الزبائن!$A$6:$A$505,B16)=0),AND(A16="proposed_name",COUNTIF('أسماء مقترحة'!$A$6:$A$505,B16)=0),AND(D16="mobile",J16<>"invalid",NOT(OR(AND(LEN(E16&"")=10,LEFT(E16&"",2)="09"),AND(LEN(E16&"")=9,LEFT(E16&"",1)="9")))),COUNTIFS($A$6:$A$505,A16,$B$6:$B$505,B16,$E$6:$E$505,E16)>1),"REVIEW","READY")) | N16: =IF(M16="","",IF(M16="READY","",TRIM(IF(A16="","missing entity_type; ","")&IF(B16="","missing entity_key; ","")&IF(C16="","missing contact_order; ","")&IF(D16="","missing contact_type; ","")&IF(E16="","missing number; ","")&IF(J16="","missing status; ","")&IF(AND(A16="client",COUNTIF(الزبائن!$A$6:$A$505,B16)=0),"client key not found; ","")&IF(AND(A16="proposed_name",COUNTIF('أسماء مقترحة'!$A$6:$A$505,B16)=0),"proposed_name key not found; ","")&IF(AND(D16="mobile",J16<>"invalid",NOT(OR(AND(LEN(E16&"")=10,LEFT(E16&"",2)="09"),AND(LEN(E16&"")=9,LEFT(E16&"",1)="9")))),"mobile must be 09XXXXXXXX or status invalid; ","")&IF(COUNTIFS($A$6:$A$505,A16,$B$6:$B$505,B16,$E$6:$E$505,E16)>1,"duplicate number for same entity; ",""))))
M17: =IF(AND(A17="",B17="",E17=""),"",IF(OR(A17="",B17="",C17="",D17="",E17="",J17="",AND(A17="client",COUNTIF(الزبائن!$A$6:$A$505,B17)=0),AND(A17="proposed_name",COUNTIF('أسماء مقترحة'!$A$6:$A$505,B17)=0),AND(D17="mobile",J17<>"invalid",NOT(OR(AND(LEN(E17&"")=10,LEFT(E17&"",2)="09"),AND(LEN(E17&"")=9,LEFT(E17&"",1)="9")))),COUNTIFS($A$6:$A$505,A17,$B$6:$B$505,B17,$E$6:$E$505,E17)>1),"REVIEW","READY")) | N17: =IF(M17="","",IF(M17="READY","",TRIM(IF(A17="","missing entity_type; ","")&IF(B17="","missing entity_key; ","")&IF(C17="","missing contact_order; ","")&IF(D17="","missing contact_type; ","")&IF(E17="","missing number; ","")&IF(J17="","missing status; ","")&IF(AND(A17="client",COUNTIF(الزبائن!$A$6:$A$505,B17)=0),"client key not found; ","")&IF(AND(A17="proposed_name",COUNTIF('أسماء مقترحة'!$A$6:$A$505,B17)=0),"proposed_name key not found; ","")&IF(AND(D17="mobile",J17<>"invalid",NOT(OR(AND(LEN(E17&"")=10,LEFT(E17&"",2)="09"),AND(LEN(E17&"")=9,LEFT(E17&"",1)="9")))),"mobile must be 09XXXXXXXX or status invalid; ","")&IF(COUNTIFS($A$6:$A$505,A17,$B$6:$B$505,B17,$E$6:$E$505,E17)>1,"duplicate number for same entity; ",""))))
M18: =IF(AND(A18="",B18="",E18=""),"",IF(OR(A18="",B18="",C18="",D18="",E18="",J18="",AND(A18="client",COUNTIF(الزبائن!$A$6:$A$505,B18)=0),AND(A18="proposed_name",COUNTIF('أسماء مقترحة'!$A$6:$A$505,B18)=0),AND(D18="mobile",J18<>"invalid",NOT(OR(AND(LEN(E18&"")=10,LEFT(E18&"",2)="09"),AND(LEN(E18&"")=9,LEFT(E18&"",1)="9")))),COUNTIFS($A$6:$A$505,A18,$B$6:$B$505,B18,$E$6:$E$505,E18)>1),"REVIEW","READY")) | N18: =IF(M18="","",IF(M18="READY","",TRIM(IF(A18="","missing entity_type; ","")&IF(B18="","missing entity_key; ","")&IF(C18="","missing contact_order; ","")&IF(D18="","missing contact_type; ","")&IF(E18="","missing number; ","")&IF(J18="","missing status; ","")&IF(AND(A18="client",COUNTIF(الزبائن!$A$6:$A$505,B18)=0),"client key not found; ","")&IF(AND(A18="proposed_name",COUNTIF('أسماء مقترحة'!$A$6:$A$505,B18)=0),"proposed_name key not found; ","")&IF(AND(D18="mobile",J18<>"invalid",NOT(OR(AND(LEN(E18&"")=10,LEFT(E18&"",2)="09"),AND(LEN(E18&"")=9,LEFT(E18&"",1)="9")))),"mobile must be 09XXXXXXXX or status invalid; ","")&IF(COUNTIFS($A$6:$A$505,A18,$B$6:$B$505,B18,$E$6:$E$505,E18)>1,"duplicate number for same entity; ",""))))
M19: =IF(AND(A19="",B19="",E19=""),"",IF(OR(A19="",B19="",C19="",D19="",E19="",J19="",AND(A19="client",COUNTIF(الزبائن!$A$6:$A$505,B19)=0),AND(A19="proposed_name",COUNTIF('أسماء مقترحة'!$A$6:$A$505,B19)=0),AND(D19="mobile",J19<>"invalid",NOT(OR(AND(LEN(E19&"")=10,LEFT(E19&"",2)="09"),AND(LEN(E19&"")=9,LEFT(E19&"",1)="9")))),COUNTIFS($A$6:$A$505,A19,$B$6:$B$505,B19,$E$6:$E$505,E19)>1),"REVIEW","READY")) | N19: =IF(M19="","",IF(M19="READY","",TRIM(IF(A19="","missing entity_type; ","")&IF(B19="","missing entity_key; ","")&IF(C19="","missing contact_order; ","")&IF(D19="","missing contact_type; ","")&IF(E19="","missing number; ","")&IF(J19="","missing status; ","")&IF(AND(A19="client",COUNTIF(الزبائن!$A$6:$A$505,B19)=0),"client key not found; ","")&IF(AND(A19="proposed_name",COUNTIF('أسماء مقترحة'!$A$6:$A$505,B19)=0),"proposed_name key not found; ","")&IF(AND(D19="mobile",J19<>"invalid",NOT(OR(AND(LEN(E19&"")=10,LEFT(E19&"",2)="09"),AND(LEN(E19&"")=9,LEFT(E19&"",1)="9")))),"mobile must be 09XXXXXXXX or status invalid; ","")&IF(COUNTIFS($A$6:$A$505,A19,$B$6:$B$505,B19,$E$6:$E$505,E19)>1,"duplicate number for same entity; ",""))))
M20: =IF(AND(A20="",B20="",E20=""),"",IF(OR(A20="",B20="",C20="",D20="",E20="",J20="",AND(A20="client",COUNTIF(الزبائن!$A$6:$A$505,B20)=0),AND(A20="proposed_name",COUNTIF('أسماء مقترحة'!$A$6:$A$505,B20)=0),AND(D20="mobile",J20<>"invalid",NOT(OR(AND(LEN(E20&"")=10,LEFT(E20&"",2)="09"),AND(LEN(E20&"")=9,LEFT(E20&"",1)="9")))),COUNTIFS($A$6:$A$505,A20,$B$6:$B$505,B20,$E$6:$E$505,E20)>1),"REVIEW","READY")) | N20: =IF(M20="","",IF(M20="READY","",TRIM(IF(A20="","missing entity_type; ","")&IF(B20="","missing entity_key; ","")&IF(C20="","missing contact_order; ","")&IF(D20="","missing contact_type; ","")&IF(E20="","missing number; ","")&IF(J20="","missing status; ","")&IF(AND(A20="client",COUNTIF(الزبائن!$A$6:$A$505,B20)=0),"client key not found; ","")&IF(AND(A20="proposed_name",COUNTIF('أسماء مقترحة'!$A$6:$A$505,B20)=0),"proposed_name key not found; ","")&IF(AND(D20="mobile",J20<>"invalid",NOT(OR(AND(LEN(E20&"")=10,LEFT(E20&"",2)="09"),AND(LEN(E20&"")=9,LEFT(E20&"",1)="9")))),"mobile must be 09XXXXXXXX or status invalid; ","")&IF(COUNTIFS($A$6:$A$505,A20,$B$6:$B$505,B20,$E$6:$E$505,E20)>1,"duplicate number for same entity; ",""))))
... M505: =IF(AND(A505="",B505="",E505=""),"",IF(OR(A505="",B505="",C505="",D505="",E505="",J505="",AND(A505="client",COUNTIF(الزبائن!$A$6:$A$505,B505)=0),AND(A505="proposed_name",COUNTIF('أسماء مقترحة'!$A$6:$A$505,B505)=0),AND(D505="mobile",J505<>"invalid",NOT(OR(AND(LEN(E505&"")=10,LEFT(E505&"",2)="09"),AND(LEN(E505&"")=9,LEFT(E505&"",1)="9")))),COUNTIFS($A$6:$A$505,A505,$B$6:$B$505,B505,$E$6:$E$505,E505)>1),"REVIEW","READY")) | N505: =IF(M505="","",IF(M505="READY","",TRIM(IF(A505="","missing entity_type; ","")&IF(B505="","missing entity_key; ","")&IF(C505="","missing contact_order; ","")&IF(D505="","missing contact_type; ","")&IF(E505="","missing number; ","")&IF(J505="","missing status; ","")&IF(AND(A505="client",COUNTIF(الزبائن!$A$6:$A$505,B505)=0),"client key not found; ","")&IF(AND(A505="proposed_name",COUNTIF('أسماء مقترحة'!$A$6:$A$505,B505)=0),"proposed_name key not found; ","")&IF(AND(D505="mobile",J505<>"invalid",NOT(OR(AND(LEN(E505&"")=10,LEFT(E505&"",2)="09"),AND(LEN(E505&"")=9,LEFT(E505&"",1)="9")))),"mobile must be 09XXXXXXXX or status invalid; ","")&IF(COUNTIFS($A$6:$A$505,A505,$B$6:$B$505,B505,$E$6:$E$505,E505)>1,"duplicate number for same entity; ",""))))

Sheet الوسطاء
A1: الوسطاء ومصادر الإحالة | B1: الوسطاء ومصادر الإحالة | C1: الوسطاء ومصادر الإحالة | D1: الوسطاء ومصادر الإحالة | E1: الوسطاء ومصادر الإحالة | F1: الوسطاء ومصادر الإحالة | G1: الوسطاء ومصادر الإحالة | H1: الوسطاء ومصادر الإحالة | I1: الوسطاء ومصادر الإحالة | J1: الوسطاء ومصادر الإحالة | K1: الوسطاء ومصادر الإحالة | L1: الوسطاء ومصادر الإحالة | M1: الوسطاء ومصادر الإحالة | N1: الوسطاء ومصادر الإحالة | O1: الوسطاء ومصادر الإحالة | P1: الوسطاء ومصادر الإحالة | Q1: الوسطاء ومصادر الإحالة
A2: كل الوسطاء هنا للزبائن والأسماء المقترحة. اربط الصف عبر entity_type + entity_key. referrer_order=1 هو الوسيط الأساسي. | B2: كل الوسطاء هنا للزبائن والأسماء المقترحة. اربط الصف عبر entity_type + entity_key. referrer_order=1 هو الوسيط الأساسي. | C2: كل الوسطاء هنا للزبائن والأسماء المقترحة. اربط الصف عبر entity_type + entity_key. referrer_order=1 هو الوسيط الأساسي. | D2: كل الوسطاء هنا للزبائن والأسماء المقترحة. اربط الصف عبر entity_type + entity_key. referrer_order=1 هو الوسيط الأساسي. | E2: كل الوسطاء هنا للزبائن والأسماء المقترحة. اربط الصف عبر entity_type + entity_key. referrer_order=1 هو الوسيط الأساسي. | F2: كل الوسطاء هنا للزبائن والأسماء المقترحة. اربط الصف عبر entity_type + entity_key. referrer_order=1 هو الوسيط الأساسي. | G2: كل الوسطاء هنا للزبائن والأسماء المقترحة. اربط الصف عبر entity_type + entity_key. referrer_order=1 هو الوسيط الأساسي. | H2: كل الوسطاء هنا للزبائن والأسماء المقترحة. اربط الصف عبر entity_type + entity_key. referrer_order=1 هو الوسيط الأساسي. | I2: كل الوسطاء هنا للزبائن والأسماء المقترحة. اربط الصف عبر entity_type + entity_key. referrer_order=1 هو الوسيط الأساسي. | J2: كل الوسطاء هنا للزبائن والأسماء المقترحة. اربط الصف عبر entity_type + entity_key. referrer_order=1 هو الوسيط الأساسي. | K2: كل الوسطاء هنا للزبائن والأسماء المقترحة. اربط الصف عبر entity_type + entity_key. referrer_order=1 هو الوسيط الأساسي. | L2: كل الوسطاء هنا للزبائن والأسماء المقترحة. اربط الصف عبر entity_type + entity_key. referrer_order=1 هو الوسيط الأساسي. | M2: كل الوسطاء هنا للزبائن والأسماء المقترحة. اربط الصف عبر entity_type + entity_key. referrer_order=1 هو الوسيط الأساسي. | N2: كل الوسطاء هنا للزبائن والأسماء المقترحة. اربط الصف عبر entity_type + entity_key. referrer_order=1 هو الوسيط الأساسي. | O2: كل الوسطاء هنا للزبائن والأسماء المقترحة. اربط الصف عبر entity_type + entity_key. referrer_order=1 هو الوسيط الأساسي. | P2: كل الوسطاء هنا للزبائن والأسماء المقترحة. اربط الصف عبر entity_type + entity_key. referrer_order=1 هو الوسيط الأساسي. | Q2: كل الوسطاء هنا للزبائن والأسماء المقترحة. اربط الصف عبر entity_type + entity_key. referrer_order=1 هو الوسيط الأساسي.
A3: entity_type | B3: entity_key | C3: referrer_order | D3: is_primary | E3: referrer_type | F3: referral_origin_channel | G3: referrer_entity_id | H3: referrer_name_snapshot | I3: referral_date | J3: referral_reason | K3: referral_sheet_id | L3: referral_address_text | M3: referral_confirmation_status | N3: referral_notes | O3: cleanup_status | P3: row_status | Q3: row_issues
A4: ربط | B4: ربط | C4: الوسطاء | D4: الوسطاء | E4: الوسطاء | F4: الوسطاء | G4: الوسطاء | H4: الوسطاء | I4: الوسطاء | J4: الوسطاء | K4: الوسطاء | L4: الوسطاء | M4: الوسطاء | N4: مراجعة | O4: مراجعة | P4: مراجعة | Q4: مراجعة
A5: نوع السجل | B5: مفتاح السجل | C5: ترتيب الوسيط | D5: أساسي؟ | E5: نوع الوسيط | F5: قناة المصدر | G5: ID الوسيط إن وجد | H5: اسم الوسيط | I5: تاريخ الإحالة | J5: سبب/تفصيل الإحالة | K5: رقم دفتر/ورقة الإحالة | L5: عنوان الوسيط/المصدر | M5: حالة تأكيد الإحالة | N5: ملاحظات الوسيط | O5: حالة التنظيف | P5: حالة الصف - تلقائي | Q5: مشاكل الصف - تلقائي
A6: client | B6: CUST-0001 | C6: 1 | D6: TRUE | E6: Personal | F6: PhoneCall | H6: مستخدم النظام | I6: 46204 | J6: استيراد أولي | M6: Confirmed | O6: cleaned | P6: =IF(AND(A6="",B6="",H6=""),"",IF(OR(A6="",B6="",C6="",E6="",F6="",H6="",AND(A6="client",COUNTIF(الزبائن!$A$6:$A$505,B6)=0),AND(A6="proposed_name",COUNTIF('أسماء مقترحة'!$A$6:$A$505,B6)=0)),"REVIEW","READY")) -> READY | Q6: =IF(P6="","",IF(P6="READY","",TRIM(IF(A6="","missing entity_type; ","")&IF(B6="","missing entity_key; ","")&IF(C6="","missing referrer_order; ","")&IF(E6="","missing referrer_type; ","")&IF(F6="","missing referral_origin_channel; ","")&IF(H6="","missing referrer_name_snapshot; ","")&IF(AND(A6="client",COUNTIF(الزبائن!$A$6:$A$505,B6)=0),"client key not found; ","")&IF(AND(A6="proposed_name",COUNTIF('أسماء مقترحة'!$A$6:$A$505,B6)=0),"proposed_name key not found; ",""))))
A7: proposed_name | B7: PN-CUST-0002 | C7: 1 | D7: TRUE | E7: Unknown | F7: SocialMedia | H7: مجهول | M7: Pending | N7: مصدر غير مؤكد | O7: review_needed | P7: =IF(AND(A7="",B7="",H7=""),"",IF(OR(A7="",B7="",C7="",E7="",F7="",H7="",AND(A7="client",COUNTIF(الزبائن!$A$6:$A$505,B7)=0),AND(A7="proposed_name",COUNTIF('أسماء مقترحة'!$A$6:$A$505,B7)=0)),"REVIEW","READY")) -> READY | Q7: =IF(P7="","",IF(P7="READY","",TRIM(IF(A7="","missing entity_type; ","")&IF(B7="","missing entity_key; ","")&IF(C7="","missing referrer_order; ","")&IF(E7="","missing referrer_type; ","")&IF(F7="","missing referral_origin_channel; ","")&IF(H7="","missing referrer_name_snapshot; ","")&IF(AND(A7="client",COUNTIF(الزبائن!$A$6:$A$505,B7)=0),"client key not found; ","")&IF(AND(A7="proposed_name",COUNTIF('أسماء مقترحة'!$A$6:$A$505,B7)=0),"proposed_name key not found; ",""))))
P8: =IF(AND(A8="",B8="",H8=""),"",IF(OR(A8="",B8="",C8="",E8="",F8="",H8="",AND(A8="client",COUNTIF(الزبائن!$A$6:$A$505,B8)=0),AND(A8="proposed_name",COUNTIF('أسماء مقترحة'!$A$6:$A$505,B8)=0)),"REVIEW","READY")) | Q8: =IF(P8="","",IF(P8="READY","",TRIM(IF(A8="","missing entity_type; ","")&IF(B8="","missing entity_key; ","")&IF(C8="","missing referrer_order; ","")&IF(E8="","missing referrer_type; ","")&IF(F8="","missing referral_origin_channel; ","")&IF(H8="","missing referrer_name_snapshot; ","")&IF(AND(A8="client",COUNTIF(الزبائن!$A$6:$A$505,B8)=0),"client key not found; ","")&IF(AND(A8="proposed_name",COUNTIF('أسماء مقترحة'!$A$6:$A$505,B8)=0),"proposed_name key not found; ",""))))
P9: =IF(AND(A9="",B9="",H9=""),"",IF(OR(A9="",B9="",C9="",E9="",F9="",H9="",AND(A9="client",COUNTIF(الزبائن!$A$6:$A$505,B9)=0),AND(A9="proposed_name",COUNTIF('أسماء مقترحة'!$A$6:$A$505,B9)=0)),"REVIEW","READY")) | Q9: =IF(P9="","",IF(P9="READY","",TRIM(IF(A9="","missing entity_type; ","")&IF(B9="","missing entity_key; ","")&IF(C9="","missing referrer_order; ","")&IF(E9="","missing referrer_type; ","")&IF(F9="","missing referral_origin_channel; ","")&IF(H9="","missing referrer_name_snapshot; ","")&IF(AND(A9="client",COUNTIF(الزبائن!$A$6:$A$505,B9)=0),"client key not found; ","")&IF(AND(A9="proposed_name",COUNTIF('أسماء مقترحة'!$A$6:$A$505,B9)=0),"proposed_name key not found; ",""))))
P10: =IF(AND(A10="",B10="",H10=""),"",IF(OR(A10="",B10="",C10="",E10="",F10="",H10="",AND(A10="client",COUNTIF(الزبائن!$A$6:$A$505,B10)=0),AND(A10="proposed_name",COUNTIF('أسماء مقترحة'!$A$6:$A$505,B10)=0)),"REVIEW","READY")) | Q10: =IF(P10="","",IF(P10="READY","",TRIM(IF(A10="","missing entity_type; ","")&IF(B10="","missing entity_key; ","")&IF(C10="","missing referrer_order; ","")&IF(E10="","missing referrer_type; ","")&IF(F10="","missing referral_origin_channel; ","")&IF(H10="","missing referrer_name_snapshot; ","")&IF(AND(A10="client",COUNTIF(الزبائن!$A$6:$A$505,B10)=0),"client key not found; ","")&IF(AND(A10="proposed_name",COUNTIF('أسماء مقترحة'!$A$6:$A$505,B10)=0),"proposed_name key not found; ",""))))
P11: =IF(AND(A11="",B11="",H11=""),"",IF(OR(A11="",B11="",C11="",E11="",F11="",H11="",AND(A11="client",COUNTIF(الزبائن!$A$6:$A$505,B11)=0),AND(A11="proposed_name",COUNTIF('أسماء مقترحة'!$A$6:$A$505,B11)=0)),"REVIEW","READY")) | Q11: =IF(P11="","",IF(P11="READY","",TRIM(IF(A11="","missing entity_type; ","")&IF(B11="","missing entity_key; ","")&IF(C11="","missing referrer_order; ","")&IF(E11="","missing referrer_type; ","")&IF(F11="","missing referral_origin_channel; ","")&IF(H11="","missing referrer_name_snapshot; ","")&IF(AND(A11="client",COUNTIF(الزبائن!$A$6:$A$505,B11)=0),"client key not found; ","")&IF(AND(A11="proposed_name",COUNTIF('أسماء مقترحة'!$A$6:$A$505,B11)=0),"proposed_name key not found; ",""))))
P12: =IF(AND(A12="",B12="",H12=""),"",IF(OR(A12="",B12="",C12="",E12="",F12="",H12="",AND(A12="client",COUNTIF(الزبائن!$A$6:$A$505,B12)=0),AND(A12="proposed_name",COUNTIF('أسماء مقترحة'!$A$6:$A$505,B12)=0)),"REVIEW","READY")) | Q12: =IF(P12="","",IF(P12="READY","",TRIM(IF(A12="","missing entity_type; ","")&IF(B12="","missing entity_key; ","")&IF(C12="","missing referrer_order; ","")&IF(E12="","missing referrer_type; ","")&IF(F12="","missing referral_origin_channel; ","")&IF(H12="","missing referrer_name_snapshot; ","")&IF(AND(A12="client",COUNTIF(الزبائن!$A$6:$A$505,B12)=0),"client key not found; ","")&IF(AND(A12="proposed_name",COUNTIF('أسماء مقترحة'!$A$6:$A$505,B12)=0),"proposed_name key not found; ",""))))
P13: =IF(AND(A13="",B13="",H13=""),"",IF(OR(A13="",B13="",C13="",E13="",F13="",H13="",AND(A13="client",COUNTIF(الزبائن!$A$6:$A$505,B13)=0),AND(A13="proposed_name",COUNTIF('أسماء مقترحة'!$A$6:$A$505,B13)=0)),"REVIEW","READY")) | Q13: =IF(P13="","",IF(P13="READY","",TRIM(IF(A13="","missing entity_type; ","")&IF(B13="","missing entity_key; ","")&IF(C13="","missing referrer_order; ","")&IF(E13="","missing referrer_type; ","")&IF(F13="","missing referral_origin_channel; ","")&IF(H13="","missing referrer_name_snapshot; ","")&IF(AND(A13="client",COUNTIF(الزبائن!$A$6:$A$505,B13)=0),"client key not found; ","")&IF(AND(A13="proposed_name",COUNTIF('أسماء مقترحة'!$A$6:$A$505,B13)=0),"proposed_name key not found; ",""))))
P14: =IF(AND(A14="",B14="",H14=""),"",IF(OR(A14="",B14="",C14="",E14="",F14="",H14="",AND(A14="client",COUNTIF(الزبائن!$A$6:$A$505,B14)=0),AND(A14="proposed_name",COUNTIF('أسماء مقترحة'!$A$6:$A$505,B14)=0)),"REVIEW","READY")) | Q14: =IF(P14="","",IF(P14="READY","",TRIM(IF(A14="","missing entity_type; ","")&IF(B14="","missing entity_key; ","")&IF(C14="","missing referrer_order; ","")&IF(E14="","missing referrer_type; ","")&IF(F14="","missing referral_origin_channel; ","")&IF(H14="","missing referrer_name_snapshot; ","")&IF(AND(A14="client",COUNTIF(الزبائن!$A$6:$A$505,B14)=0),"client key not found; ","")&IF(AND(A14="proposed_name",COUNTIF('أسماء مقترحة'!$A$6:$A$505,B14)=0),"proposed_name key not found; ",""))))
P15: =IF(AND(A15="",B15="",H15=""),"",IF(OR(A15="",B15="",C15="",E15="",F15="",H15="",AND(A15="client",COUNTIF(الزبائن!$A$6:$A$505,B15)=0),AND(A15="proposed_name",COUNTIF('أسماء مقترحة'!$A$6:$A$505,B15)=0)),"REVIEW","READY")) | Q15: =IF(P15="","",IF(P15="READY","",TRIM(IF(A15="","missing entity_type; ","")&IF(B15="","missing entity_key; ","")&IF(C15="","missing referrer_order; ","")&IF(E15="","missing referrer_type; ","")&IF(F15="","missing referral_origin_channel; ","")&IF(H15="","missing referrer_name_snapshot; ","")&IF(AND(A15="client",COUNTIF(الزبائن!$A$6:$A$505,B15)=0),"client key not found; ","")&IF(AND(A15="proposed_name",COUNTIF('أسماء مقترحة'!$A$6:$A$505,B15)=0),"proposed_name key not found; ",""))))
P16: =IF(AND(A16="",B16="",H16=""),"",IF(OR(A16="",B16="",C16="",E16="",F16="",H16="",AND(A16="client",COUNTIF(الزبائن!$A$6:$A$505,B16)=0),AND(A16="proposed_name",COUNTIF('أسماء مقترحة'!$A$6:$A$505,B16)=0)),"REVIEW","READY")) | Q16: =IF(P16="","",IF(P16="READY","",TRIM(IF(A16="","missing entity_type; ","")&IF(B16="","missing entity_key; ","")&IF(C16="","missing referrer_order; ","")&IF(E16="","missing referrer_type; ","")&IF(F16="","missing referral_origin_channel; ","")&IF(H16="","missing referrer_name_snapshot; ","")&IF(AND(A16="client",COUNTIF(الزبائن!$A$6:$A$505,B16)=0),"client key not found; ","")&IF(AND(A16="proposed_name",COUNTIF('أسماء مقترحة'!$A$6:$A$505,B16)=0),"proposed_name key not found; ",""))))
P17: =IF(AND(A17="",B17="",H17=""),"",IF(OR(A17="",B17="",C17="",E17="",F17="",H17="",AND(A17="client",COUNTIF(الزبائن!$A$6:$A$505,B17)=0),AND(A17="proposed_name",COUNTIF('أسماء مقترحة'!$A$6:$A$505,B17)=0)),"REVIEW","READY")) | Q17: =IF(P17="","",IF(P17="READY","",TRIM(IF(A17="","missing entity_type; ","")&IF(B17="","missing entity_key; ","")&IF(C17="","missing referrer_order; ","")&IF(E17="","missing referrer_type; ","")&IF(F17="","missing referral_origin_channel; ","")&IF(H17="","missing referrer_name_snapshot; ","")&IF(AND(A17="client",COUNTIF(الزبائن!$A$6:$A$505,B17)=0),"client key not found; ","")&IF(AND(A17="proposed_name",COUNTIF('أسماء مقترحة'!$A$6:$A$505,B17)=0),"proposed_name key not found; ",""))))
P18: =IF(AND(A18="",B18="",H18=""),"",IF(OR(A18="",B18="",C18="",E18="",F18="",H18="",AND(A18="client",COUNTIF(الزبائن!$A$6:$A$505,B18)=0),AND(A18="proposed_name",COUNTIF('أسماء مقترحة'!$A$6:$A$505,B18)=0)),"REVIEW","READY")) | Q18: =IF(P18="","",IF(P18="READY","",TRIM(IF(A18="","missing entity_type; ","")&IF(B18="","missing entity_key; ","")&IF(C18="","missing referrer_order; ","")&IF(E18="","missing referrer_type; ","")&IF(F18="","missing referral_origin_channel; ","")&IF(H18="","missing referrer_name_snapshot; ","")&IF(AND(A18="client",COUNTIF(الزبائن!$A$6:$A$505,B18)=0),"client key not found; ","")&IF(AND(A18="proposed_name",COUNTIF('أسماء مقترحة'!$A$6:$A$505,B18)=0),"proposed_name key not found; ",""))))
P19: =IF(AND(A19="",B19="",H19=""),"",IF(OR(A19="",B19="",C19="",E19="",F19="",H19="",AND(A19="client",COUNTIF(الزبائن!$A$6:$A$505,B19)=0),AND(A19="proposed_name",COUNTIF('أسماء مقترحة'!$A$6:$A$505,B19)=0)),"REVIEW","READY")) | Q19: =IF(P19="","",IF(P19="READY","",TRIM(IF(A19="","missing entity_type; ","")&IF(B19="","missing entity_key; ","")&IF(C19="","missing referrer_order; ","")&IF(E19="","missing referrer_type; ","")&IF(F19="","missing referral_origin_channel; ","")&IF(H19="","missing referrer_name_snapshot; ","")&IF(AND(A19="client",COUNTIF(الزبائن!$A$6:$A$505,B19)=0),"client key not found; ","")&IF(AND(A19="proposed_name",COUNTIF('أسماء مقترحة'!$A$6:$A$505,B19)=0),"proposed_name key not found; ",""))))
... P505: =IF(AND(A505="",B505="",H505=""),"",IF(OR(A505="",B505="",C505="",E505="",F505="",H505="",AND(A505="client",COUNTIF(الزبائن!$A$6:$A$505,B505)=0),AND(A505="proposed_name",COUNTIF('أسماء مقترحة'!$A$6:$A$505,B505)=0)),"REVIEW","READY")) | Q505: =IF(P505="","",IF(P505="READY","",TRIM(IF(A505="","missing entity_type; ","")&IF(B505="","missing entity_key; ","")&IF(C505="","missing referrer_order; ","")&IF(E505="","missing referrer_type; ","")&IF(F505="","missing referral_origin_channel; ","")&IF(H505="","missing referrer_name_snapshot; ","")&IF(AND(A505="client",COUNTIF(الزبائن!$A$6:$A$505,B505)=0),"client key not found; ","")&IF(AND(A505="proposed_name",COUNTIF('أسماء مقترحة'!$A$6:$A$505,B505)=0),"proposed_name key not found; ",""))))

Sheet أسماء مقترحة
A1: أسماء مقترحة | B1: أسماء مقترحة | C1: أسماء مقترحة | D1: أسماء مقترحة | E1: أسماء مقترحة | F1: أسماء مقترحة | G1: أسماء مقترحة | H1: أسماء مقترحة | I1: أسماء مقترحة | J1: أسماء مقترحة | K1: أسماء مقترحة | L1: أسماء مقترحة | M1: أسماء مقترحة | N1: أسماء مقترحة | O1: أسماء مقترحة | P1: أسماء مقترحة | Q1: أسماء مقترحة | R1: أسماء مقترحة | S1: أسماء مقترحة | T1: أسماء مقترحة | U1: أسماء مقترحة | V1: أسماء مقترحة | W1: أسماء مقترحة | X1: أسماء مقترحة | Y1: أسماء مقترحة | Z1: أسماء مقترحة | AA1: أسماء مقترحة | AB1: أسماء مقترحة | AC1: أسماء مقترحة
A2: للزبائن غير المؤكدين أو المكررين أو الناقصين أو أصحاب العناوين غير الواضحة. أرقامهم ووسطاؤهم في الشيتات المستقلة. | B2: للزبائن غير المؤكدين أو المكررين أو الناقصين أو أصحاب العناوين غير الواضحة. أرقامهم ووسطاؤهم في الشيتات المستقلة. | C2: للزبائن غير المؤكدين أو المكررين أو الناقصين أو أصحاب العناوين غير الواضحة. أرقامهم ووسطاؤهم في الشيتات المستقلة. | D2: للزبائن غير المؤكدين أو المكررين أو الناقصين أو أصحاب العناوين غير الواضحة. أرقامهم ووسطاؤهم في الشيتات المستقلة. | E2: للزبائن غير المؤكدين أو المكررين أو الناقصين أو أصحاب العناوين غير الواضحة. أرقامهم ووسطاؤهم في الشيتات المستقلة. | F2: للزبائن غير المؤكدين أو المكررين أو الناقصين أو أصحاب العناوين غير الواضحة. أرقامهم ووسطاؤهم في الشيتات المستقلة. | G2: للزبائن غير المؤكدين أو المكررين أو الناقصين أو أصحاب العناوين غير الواضحة. أرقامهم ووسطاؤهم في الشيتات المستقلة. | H2: للزبائن غير المؤكدين أو المكررين أو الناقصين أو أصحاب العناوين غير الواضحة. أرقامهم ووسطاؤهم في الشيتات المستقلة. | I2: للزبائن غير المؤكدين أو المكررين أو الناقصين أو أصحاب العناوين غير الواضحة. أرقامهم ووسطاؤهم في الشيتات المستقلة. | J2: للزبائن غير المؤكدين أو المكررين أو الناقصين أو أصحاب العناوين غير الواضحة. أرقامهم ووسطاؤهم في الشيتات المستقلة. | K2: للزبائن غير المؤكدين أو المكررين أو الناقصين أو أصحاب العناوين غير الواضحة. أرقامهم ووسطاؤهم في الشيتات المستقلة. | L2: للزبائن غير المؤكدين أو المكررين أو الناقصين أو أصحاب العناوين غير الواضحة. أرقامهم ووسطاؤهم في الشيتات المستقلة. | M2: للزبائن غير المؤكدين أو المكررين أو الناقصين أو أصحاب العناوين غير الواضحة. أرقامهم ووسطاؤهم في الشيتات المستقلة. | N2: للزبائن غير المؤكدين أو المكررين أو الناقصين أو أصحاب العناوين غير الواضحة. أرقامهم ووسطاؤهم في الشيتات المستقلة. | O2: للزبائن غير المؤكدين أو المكررين أو الناقصين أو أصحاب العناوين غير الواضحة. أرقامهم ووسطاؤهم في الشيتات المستقلة. | P2: للزبائن غير المؤكدين أو المكررين أو الناقصين أو أصحاب العناوين غير الواضحة. أرقامهم ووسطاؤهم في الشيتات المستقلة. | Q2: للزبائن غير المؤكدين أو المكررين أو الناقصين أو أصحاب العناوين غير الواضحة. أرقامهم ووسطاؤهم في الشيتات المستقلة. | R2: للزبائن غير المؤكدين أو المكررين أو الناقصين أو أصحاب العناوين غير الواضحة. أرقامهم ووسطاؤهم في الشيتات المستقلة. | S2: للزبائن غير المؤكدين أو المكررين أو الناقصين أو أصحاب العناوين غير الواضحة. أرقامهم ووسطاؤهم في الشيتات المستقلة. | T2: للزبائن غير المؤكدين أو المكررين أو الناقصين أو أصحاب العناوين غير الواضحة. أرقامهم ووسطاؤهم في الشيتات المستقلة. | U2: للزبائن غير المؤكدين أو المكررين أو الناقصين أو أصحاب العناوين غير الواضحة. أرقامهم ووسطاؤهم في الشيتات المستقلة. | V2: للزبائن غير المؤكدين أو المكررين أو الناقصين أو أصحاب العناوين غير الواضحة. أرقامهم ووسطاؤهم في الشيتات المستقلة. | W2: للزبائن غير المؤكدين أو المكررين أو الناقصين أو أصحاب العناوين غير الواضحة. أرقامهم ووسطاؤهم في الشيتات المستقلة. | X2: للزبائن غير المؤكدين أو المكررين أو الناقصين أو أصحاب العناوين غير الواضحة. أرقامهم ووسطاؤهم في الشيتات المستقلة. | Y2: للزبائن غير المؤكدين أو المكررين أو الناقصين أو أصحاب العناوين غير الواضحة. أرقامهم ووسطاؤهم في الشيتات المستقلة. | Z2: للزبائن غير المؤكدين أو المكررين أو الناقصين أو أصحاب العناوين غير الواضحة. أرقامهم ووسطاؤهم في الشيتات المستقلة. | AA2: للزبائن غير المؤكدين أو المكررين أو الناقصين أو أصحاب العناوين غير الواضحة. أرقامهم ووسطاؤهم في الشيتات المستقلة. | AB2: للزبائن غير المؤكدين أو المكررين أو الناقصين أو أصحاب العناوين غير الواضحة. أرقامهم ووسطاؤهم في الشيتات المستقلة. | AC2: للزبائن غير المؤكدين أو المكررين أو الناقصين أو أصحاب العناوين غير الواضحة. أرقامهم ووسطاؤهم في الشيتات المستقلة.
A3: proposed_name_key | B3: source_migration_customer_key | C3: candidate_import_action | D3: move_reason | E3: confidence_level | F3: old_system_customer_id | G3: old_source_note | H3: branch_id | I3: branch_name | J3: owner_user_id | K3: first_name | L3: last_name | M3: nickname | N3: full_name_review | O3: address_text | P3: geo_unit_id | Q3: geo_unit_name | R3: address_clarity | S3: status | T3: occupation | U3: duplicate_flag | V3: duplicate_type | W3: duplicate_reference_id | X3: duplicate_reference_key | Y3: candidate_notes | Z3: source_row_status | AA3: source_row_issues | AB3: candidate_row_status | AC3: candidate_row_issues
A4: ربط الهجرة | B4: ربط الهجرة | C4: ربط الهجرة | D4: سبب النقل | E4: سبب النقل | F4: ربط الهجرة | G4: ربط الهجرة | H4: الفرع والملكية | I4: الفرع والملكية | J4: الفرع والملكية | K4: هوية الاسم | L4: هوية الاسم | M4: هوية الاسم | N4: هوية الاسم | O4: العنوان | P4: العنوان | Q4: العنوان | R4: العنوان | S4: حالة المرشح | T4: بيانات إضافية | U4: التكرار | V4: التكرار | W4: التكرار | X4: التكرار | Y4: مراجعة | Z4: مراجعة | AA4: مراجعة | AB4: مراجعة | AC4: مراجعة
A5: مفتاح الاسم المقترح | B5: مفتاح الزبون المصدر | C5: إجراء الاسم المقترح | D5: سبب النقل | E5: مستوى الثقة | F5: ID النظام القديم | G5: مصدر/جدول قديم | H5: ID الفرع | I5: اسم الفرع للمراجعة | J5: ID المالك/المتابع | K5: الاسم الأول | L5: الكنية/العائلة | M5: اللقب | N5: الاسم الكامل - تلقائي | O5: العنوان النصي | P5: ID الموقع إن حسم | Q5: اسم الموقع للمراجعة | R5: وضوح العنوان | S5: حالة الاسم المقترح | T5: المهنة | U5: اشتباه تكرار | V5: نوع التكرار | W5: ID مرجع التكرار | X5: مفتاح مرجع التكرار | Y5: ملاحظات الاسم المقترح | Z5: حالة صف المصدر - تلقائي | AA5: مشاكل صف المصدر - تلقائي | AB5: حالة الاسم - تلقائي | AC5: مشاكل الاسم - تلقائي
A6: PN-CUST-0002 | B6: CUST-0002 | C6: create_candidate | D6: unclear_address | E6: medium | F6: old-1401 | G6: legacy_excel | H6: 2 | I6: حلب | K6: سارة | L6: حسن | N6: =IF(TRIM(K6&" "&L6&IF(M6<>""," ("&M6&")",""))="","",TRIM(K6&" "&L6&IF(M6<>""," ("&M6&")",""))) -> سارة حسن | O6: قرب الدوار - بحاجة تحديد | R6: unclear | S6: Suggested | U6: FALSE | Y6: منقول من زبون عنوانه غير واضح | Z6: =IF(B6="","",IFERROR(INDEX(الزبائن!$AZ$6:$AZ$505,MATCH(B6,الزبائن!$A$6:$A$505,0)),"source key not found")) -> TO_PROPOSED | AA6: =IF(B6="","",IFERROR(INDEX(الزبائن!$BA$6:$BA$505,MATCH(B6,الزبائن!$A$6:$A$505,0)),"source key not found")) | AB6: =IF(AND(A6="",C6="",D6="",H6="",K6="",L6=""),"",IF(C6="skip","SKIP",IF(OR(A6="",C6="",D6="",H6="",K6="",L6="",S6="",COUNTIF($A$6:$A$505,A6)>1,AND(B6<>"",COUNTIF(الزبائن!$A$6:$A$505,B6)=0),(COUNTIFS('أرقام التواصل'!$A$6:$A$505,"proposed_name",'أرقام التواصل'!$B$6:$B$505,A6,'أرقام التواصل'!$I$6:$I$505,"TRUE")+COUNTIFS('أرقام التواصل'!$A$6:$A$505,"proposed_name",'أرقام التواصل'!$B$6:$B$505,A6,'أرقام التواصل'!$C$6:$C$505,1))=0,AND(U6="TRUE",V6="")),"REVIEW","READY"))) -> READY | AC6: =IF(AB6="","",IF(AB6="READY","",IF(AB6="SKIP","Skipped by candidate_import_action",TRIM(IF(A6="","missing proposed_name_key; ","")&IF(AND(A6<>"",COUNTIF($A$6:$A$505,A6)>1),"duplicate proposed_name_key; ","")&IF(C6="","missing candidate_import_action; ","")&IF(D6="","missing move_reason; ","")&IF(H6="","missing branch_id; ","")&IF(K6="","missing first_name; ","")&IF(L6="","missing last_name; ","")&IF(S6="","missing status; ","")&IF(AND(B6<>"",COUNTIF(الزبائن!$A$6:$A$505,B6)=0),"source key not found; ","")&IF((COUNTIFS('أرقام التواصل'!$A$6:$A$505,"proposed_name",'أرقام التواصل'!$B$6:$B$505,A6,'أرقام التواصل'!$I$6:$I$505,"TRUE")+COUNTIFS('أرقام التواصل'!$A$6:$A$505,"proposed_name",'أرقام التواصل'!$B$6:$B$505,A6,'أرقام التواصل'!$C$6:$C$505,1))=0,"missing primary contact in أرقام التواصل; ","")&IF(AND(U6="TRUE",V6=""),"duplicate_type required when duplicate_flag TRUE; ","")))))
N7: =IF(TRIM(K7&" "&L7&IF(M7<>""," ("&M7&")",""))="","",TRIM(K7&" "&L7&IF(M7<>""," ("&M7&")",""))) | Z7: =IF(B7="","",IFERROR(INDEX(الزبائن!$AZ$6:$AZ$505,MATCH(B7,الزبائن!$A$6:$A$505,0)),"source key not found")) | AA7: =IF(B7="","",IFERROR(INDEX(الزبائن!$BA$6:$BA$505,MATCH(B7,الزبائن!$A$6:$A$505,0)),"source key not found")) | AB7: =IF(AND(A7="",C7="",D7="",H7="",K7="",L7=""),"",IF(C7="skip","SKIP",IF(OR(A7="",C7="",D7="",H7="",K7="",L7="",S7="",COUNTIF($A$6:$A$505,A7)>1,AND(B7<>"",COUNTIF(الزبائن!$A$6:$A$505,B7)=0),(COUNTIFS('أرقام التواصل'!$A$6:$A$505,"proposed_name",'أرقام التواصل'!$B$6:$B$505,A7,'أرقام التواصل'!$I$6:$I$505,"TRUE")+COUNTIFS('أرقام التواصل'!$A$6:$A$505,"proposed_name",'أرقام التواصل'!$B$6:$B$505,A7,'أرقام التواصل'!$C$6:$C$505,1))=0,AND(U7="TRUE",V7="")),"REVIEW","READY"))) | AC7: =IF(AB7="","",IF(AB7="READY","",IF(AB7="SKIP","Skipped by candidate_import_action",TRIM(IF(A7="","missing proposed_name_key; ","")&IF(AND(A7<>"",COUNTIF($A$6:$A$505,A7)>1),"duplicate proposed_name_key; ","")&IF(C7="","missing candidate_import_action; ","")&IF(D7="","missing move_reason; ","")&IF(H7="","missing branch_id; ","")&IF(K7="","missing first_name; ","")&IF(L7="","missing last_name; ","")&IF(S7="","missing status; ","")&IF(AND(B7<>"",COUNTIF(الزبائن!$A$6:$A$505,B7)=0),"source key not found; ","")&IF((COUNTIFS('أرقام التواصل'!$A$6:$A$505,"proposed_name",'أرقام التواصل'!$B$6:$B$505,A7,'أرقام التواصل'!$I$6:$I$505,"TRUE")+COUNTIFS('أرقام التواصل'!$A$6:$A$505,"proposed_name",'أرقام التواصل'!$B$6:$B$505,A7,'أرقام التواصل'!$C$6:$C$505,1))=0,"missing primary contact in أرقام التواصل; ","")&IF(AND(U7="TRUE",V7=""),"duplicate_type required when duplicate_flag TRUE; ","")))))
N8: =IF(TRIM(K8&" "&L8&IF(M8<>""," ("&M8&")",""))="","",TRIM(K8&" "&L8&IF(M8<>""," ("&M8&")",""))) | Z8: =IF(B8="","",IFERROR(INDEX(الزبائن!$AZ$6:$AZ$505,MATCH(B8,الزبائن!$A$6:$A$505,0)),"source key not found")) | AA8: =IF(B8="","",IFERROR(INDEX(الزبائن!$BA$6:$BA$505,MATCH(B8,الزبائن!$A$6:$A$505,0)),"source key not found")) | AB8: =IF(AND(A8="",C8="",D8="",H8="",K8="",L8=""),"",IF(C8="skip","SKIP",IF(OR(A8="",C8="",D8="",H8="",K8="",L8="",S8="",COUNTIF($A$6:$A$505,A8)>1,AND(B8<>"",COUNTIF(الزبائن!$A$6:$A$505,B8)=0),(COUNTIFS('أرقام التواصل'!$A$6:$A$505,"proposed_name",'أرقام التواصل'!$B$6:$B$505,A8,'أرقام التواصل'!$I$6:$I$505,"TRUE")+COUNTIFS('أرقام التواصل'!$A$6:$A$505,"proposed_name",'أرقام التواصل'!$B$6:$B$505,A8,'أرقام التواصل'!$C$6:$C$505,1))=0,AND(U8="TRUE",V8="")),"REVIEW","READY"))) | AC8: =IF(AB8="","",IF(AB8="READY","",IF(AB8="SKIP","Skipped by candidate_import_action",TRIM(IF(A8="","missing proposed_name_key; ","")&IF(AND(A8<>"",COUNTIF($A$6:$A$505,A8)>1),"duplicate proposed_name_key; ","")&IF(C8="","missing candidate_import_action; ","")&IF(D8="","missing move_reason; ","")&IF(H8="","missing branch_id; ","")&IF(K8="","missing first_name; ","")&IF(L8="","missing last_name; ","")&IF(S8="","missing status; ","")&IF(AND(B8<>"",COUNTIF(الزبائن!$A$6:$A$505,B8)=0),"source key not found; ","")&IF((COUNTIFS('أرقام التواصل'!$A$6:$A$505,"proposed_name",'أرقام التواصل'!$B$6:$B$505,A8,'أرقام التواصل'!$I$6:$I$505,"TRUE")+COUNTIFS('أرقام التواصل'!$A$6:$A$505,"proposed_name",'أرقام التواصل'!$B$6:$B$505,A8,'أرقام التواصل'!$C$6:$C$505,1))=0,"missing primary contact in أرقام التواصل; ","")&IF(AND(U8="TRUE",V8=""),"duplicate_type required when duplicate_flag TRUE; ","")))))
N9: =IF(TRIM(K9&" "&L9&IF(M9<>""," ("&M9&")",""))="","",TRIM(K9&" "&L9&IF(M9<>""," ("&M9&")",""))) | Z9: =IF(B9="","",IFERROR(INDEX(الزبائن!$AZ$6:$AZ$505,MATCH(B9,الزبائن!$A$6:$A$505,0)),"source key not found")) | AA9: =IF(B9="","",IFERROR(INDEX(الزبائن!$BA$6:$BA$505,MATCH(B9,الزبائن!$A$6:$A$505,0)),"source key not found")) | AB9: =IF(AND(A9="",C9="",D9="",H9="",K9="",L9=""),"",IF(C9="skip","SKIP",IF(OR(A9="",C9="",D9="",H9="",K9="",L9="",S9="",COUNTIF($A$6:$A$505,A9)>1,AND(B9<>"",COUNTIF(الزبائن!$A$6:$A$505,B9)=0),(COUNTIFS('أرقام التواصل'!$A$6:$A$505,"proposed_name",'أرقام التواصل'!$B$6:$B$505,A9,'أرقام التواصل'!$I$6:$I$505,"TRUE")+COUNTIFS('أرقام التواصل'!$A$6:$A$505,"proposed_name",'أرقام التواصل'!$B$6:$B$505,A9,'أرقام التواصل'!$C$6:$C$505,1))=0,AND(U9="TRUE",V9="")),"REVIEW","READY"))) | AC9: =IF(AB9="","",IF(AB9="READY","",IF(AB9="SKIP","Skipped by candidate_import_action",TRIM(IF(A9="","missing proposed_name_key; ","")&IF(AND(A9<>"",COUNTIF($A$6:$A$505,A9)>1),"duplicate proposed_name_key; ","")&IF(C9="","missing candidate_import_action; ","")&IF(D9="","missing move_reason; ","")&IF(H9="","missing branch_id; ","")&IF(K9="","missing first_name; ","")&IF(L9="","missing last_name; ","")&IF(S9="","missing status; ","")&IF(AND(B9<>"",COUNTIF(الزبائن!$A$6:$A$505,B9)=0),"source key not found; ","")&IF((COUNTIFS('أرقام التواصل'!$A$6:$A$505,"proposed_name",'أرقام التواصل'!$B$6:$B$505,A9,'أرقام التواصل'!$I$6:$I$505,"TRUE")+COUNTIFS('أرقام التواصل'!$A$6:$A$505,"proposed_name",'أرقام التواصل'!$B$6:$B$505,A9,'أرقام التواصل'!$C$6:$C$505,1))=0,"missing primary contact in أرقام التواصل; ","")&IF(AND(U9="TRUE",V9=""),"duplicate_type required when duplicate_flag TRUE; ","")))))
N10: =IF(TRIM(K10&" "&L10&IF(M10<>""," ("&M10&")",""))="","",TRIM(K10&" "&L10&IF(M10<>""," ("&M10&")",""))) | Z10: =IF(B10="","",IFERROR(INDEX(الزبائن!$AZ$6:$AZ$505,MATCH(B10,الزبائن!$A$6:$A$505,0)),"source key not found")) | AA10: =IF(B10="","",IFERROR(INDEX(الزبائن!$BA$6:$BA$505,MATCH(B10,الزبائن!$A$6:$A$505,0)),"source key not found")) | AB10: =IF(AND(A10="",C10="",D10="",H10="",K10="",L10=""),"",IF(C10="skip","SKIP",IF(OR(A10="",C10="",D10="",H10="",K10="",L10="",S10="",COUNTIF($A$6:$A$505,A10)>1,AND(B10<>"",COUNTIF(الزبائن!$A$6:$A$505,B10)=0),(COUNTIFS('أرقام التواصل'!$A$6:$A$505,"proposed_name",'أرقام التواصل'!$B$6:$B$505,A10,'أرقام التواصل'!$I$6:$I$505,"TRUE")+COUNTIFS('أرقام التواصل'!$A$6:$A$505,"proposed_name",'أرقام التواصل'!$B$6:$B$505,A10,'أرقام التواصل'!$C$6:$C$505,1))=0,AND(U10="TRUE",V10="")),"REVIEW","READY"))) | AC10: =IF(AB10="","",IF(AB10="READY","",IF(AB10="SKIP","Skipped by candidate_import_action",TRIM(IF(A10="","missing proposed_name_key; ","")&IF(AND(A10<>"",COUNTIF($A$6:$A$505,A10)>1),"duplicate proposed_name_key; ","")&IF(C10="","missing candidate_import_action; ","")&IF(D10="","missing move_reason; ","")&IF(H10="","missing branch_id; ","")&IF(K10="","missing first_name; ","")&IF(L10="","missing last_name; ","")&IF(S10="","missing status; ","")&IF(AND(B10<>"",COUNTIF(الزبائن!$A$6:$A$505,B10)=0),"source key not found; ","")&IF((COUNTIFS('أرقام التواصل'!$A$6:$A$505,"proposed_name",'أرقام التواصل'!$B$6:$B$505,A10,'أرقام التواصل'!$I$6:$I$505,"TRUE")+COUNTIFS('أرقام التواصل'!$A$6:$A$505,"proposed_name",'أرقام التواصل'!$B$6:$B$505,A10,'أرقام التواصل'!$C$6:$C$505,1))=0,"missing primary contact in أرقام التواصل; ","")&IF(AND(U10="TRUE",V10=""),"duplicate_type required when duplicate_flag TRUE; ","")))))
N11: =IF(TRIM(K11&" "&L11&IF(M11<>""," ("&M11&")",""))="","",TRIM(K11&" "&L11&IF(M11<>""," ("&M11&")",""))) | Z11: =IF(B11="","",IFERROR(INDEX(الزبائن!$AZ$6:$AZ$505,MATCH(B11,الزبائن!$A$6:$A$505,0)),"source key not found")) | AA11: =IF(B11="","",IFERROR(INDEX(الزبائن!$BA$6:$BA$505,MATCH(B11,الزبائن!$A$6:$A$505,0)),"source key not found")) | AB11: =IF(AND(A11="",C11="",D11="",H11="",K11="",L11=""),"",IF(C11="skip","SKIP",IF(OR(A11="",C11="",D11="",H11="",K11="",L11="",S11="",COUNTIF($A$6:$A$505,A11)>1,AND(B11<>"",COUNTIF(الزبائن!$A$6:$A$505,B11)=0),(COUNTIFS('أرقام التواصل'!$A$6:$A$505,"proposed_name",'أرقام التواصل'!$B$6:$B$505,A11,'أرقام التواصل'!$I$6:$I$505,"TRUE")+COUNTIFS('أرقام التواصل'!$A$6:$A$505,"proposed_name",'أرقام التواصل'!$B$6:$B$505,A11,'أرقام التواصل'!$C$6:$C$505,1))=0,AND(U11="TRUE",V11="")),"REVIEW","READY"))) | AC11: =IF(AB11="","",IF(AB11="READY","",IF(AB11="SKIP","Skipped by candidate_import_action",TRIM(IF(A11="","missing proposed_name_key; ","")&IF(AND(A11<>"",COUNTIF($A$6:$A$505,A11)>1),"duplicate proposed_name_key; ","")&IF(C11="","missing candidate_import_action; ","")&IF(D11="","missing move_reason; ","")&IF(H11="","missing branch_id; ","")&IF(K11="","missing first_name; ","")&IF(L11="","missing last_name; ","")&IF(S11="","missing status; ","")&IF(AND(B11<>"",COUNTIF(الزبائن!$A$6:$A$505,B11)=0),"source key not found; ","")&IF((COUNTIFS('أرقام التواصل'!$A$6:$A$505,"proposed_name",'أرقام التواصل'!$B$6:$B$505,A11,'أرقام التواصل'!$I$6:$I$505,"TRUE")+COUNTIFS('أرقام التواصل'!$A$6:$A$505,"proposed_name",'أرقام التواصل'!$B$6:$B$505,A11,'أرقام التواصل'!$C$6:$C$505,1))=0,"missing primary contact in أرقام التواصل; ","")&IF(AND(U11="TRUE",V11=""),"duplicate_type required when duplicate_flag TRUE; ","")))))
N12: =IF(TRIM(K12&" "&L12&IF(M12<>""," ("&M12&")",""))="","",TRIM(K12&" "&L12&IF(M12<>""," ("&M12&")",""))) | Z12: =IF(B12="","",IFERROR(INDEX(الزبائن!$AZ$6:$AZ$505,MATCH(B12,الزبائن!$A$6:$A$505,0)),"source key not found")) | AA12: =IF(B12="","",IFERROR(INDEX(الزبائن!$BA$6:$BA$505,MATCH(B12,الزبائن!$A$6:$A$505,0)),"source key not found")) | AB12: =IF(AND(A12="",C12="",D12="",H12="",K12="",L12=""),"",IF(C12="skip","SKIP",IF(OR(A12="",C12="",D12="",H12="",K12="",L12="",S12="",COUNTIF($A$6:$A$505,A12)>1,AND(B12<>"",COUNTIF(الزبائن!$A$6:$A$505,B12)=0),(COUNTIFS('أرقام التواصل'!$A$6:$A$505,"proposed_name",'أرقام التواصل'!$B$6:$B$505,A12,'أرقام التواصل'!$I$6:$I$505,"TRUE")+COUNTIFS('أرقام التواصل'!$A$6:$A$505,"proposed_name",'أرقام التواصل'!$B$6:$B$505,A12,'أرقام التواصل'!$C$6:$C$505,1))=0,AND(U12="TRUE",V12="")),"REVIEW","READY"))) | AC12: =IF(AB12="","",IF(AB12="READY","",IF(AB12="SKIP","Skipped by candidate_import_action",TRIM(IF(A12="","missing proposed_name_key; ","")&IF(AND(A12<>"",COUNTIF($A$6:$A$505,A12)>1),"duplicate proposed_name_key; ","")&IF(C12="","missing candidate_import_action; ","")&IF(D12="","missing move_reason; ","")&IF(H12="","missing branch_id; ","")&IF(K12="","missing first_name; ","")&IF(L12="","missing last_name; ","")&IF(S12="","missing status; ","")&IF(AND(B12<>"",COUNTIF(الزبائن!$A$6:$A$505,B12)=0),"source key not found; ","")&IF((COUNTIFS('أرقام التواصل'!$A$6:$A$505,"proposed_name",'أرقام التواصل'!$B$6:$B$505,A12,'أرقام التواصل'!$I$6:$I$505,"TRUE")+COUNTIFS('أرقام التواصل'!$A$6:$A$505,"proposed_name",'أرقام التواصل'!$B$6:$B$505,A12,'أرقام التواصل'!$C$6:$C$505,1))=0,"missing primary contact in أرقام التواصل; ","")&IF(AND(U12="TRUE",V12=""),"duplicate_type required when duplicate_flag TRUE; ","")))))
N13: =IF(TRIM(K13&" "&L13&IF(M13<>""," ("&M13&")",""))="","",TRIM(K13&" "&L13&IF(M13<>""," ("&M13&")",""))) | Z13: =IF(B13="","",IFERROR(INDEX(الزبائن!$AZ$6:$AZ$505,MATCH(B13,الزبائن!$A$6:$A$505,0)),"source key not found")) | AA13: =IF(B13="","",IFERROR(INDEX(الزبائن!$BA$6:$BA$505,MATCH(B13,الزبائن!$A$6:$A$505,0)),"source key not found")) | AB13: =IF(AND(A13="",C13="",D13="",H13="",K13="",L13=""),"",IF(C13="skip","SKIP",IF(OR(A13="",C13="",D13="",H13="",K13="",L13="",S13="",COUNTIF($A$6:$A$505,A13)>1,AND(B13<>"",COUNTIF(الزبائن!$A$6:$A$505,B13)=0),(COUNTIFS('أرقام التواصل'!$A$6:$A$505,"proposed_name",'أرقام التواصل'!$B$6:$B$505,A13,'أرقام التواصل'!$I$6:$I$505,"TRUE")+COUNTIFS('أرقام التواصل'!$A$6:$A$505,"proposed_name",'أرقام التواصل'!$B$6:$B$505,A13,'أرقام التواصل'!$C$6:$C$505,1))=0,AND(U13="TRUE",V13="")),"REVIEW","READY"))) | AC13: =IF(AB13="","",IF(AB13="READY","",IF(AB13="SKIP","Skipped by candidate_import_action",TRIM(IF(A13="","missing proposed_name_key; ","")&IF(AND(A13<>"",COUNTIF($A$6:$A$505,A13)>1),"duplicate proposed_name_key; ","")&IF(C13="","missing candidate_import_action; ","")&IF(D13="","missing move_reason; ","")&IF(H13="","missing branch_id; ","")&IF(K13="","missing first_name; ","")&IF(L13="","missing last_name; ","")&IF(S13="","missing status; ","")&IF(AND(B13<>"",COUNTIF(الزبائن!$A$6:$A$505,B13)=0),"source key not found; ","")&IF((COUNTIFS('أرقام التواصل'!$A$6:$A$505,"proposed_name",'أرقام التواصل'!$B$6:$B$505,A13,'أرقام التواصل'!$I$6:$I$505,"TRUE")+COUNTIFS('أرقام التواصل'!$A$6:$A$505,"proposed_name",'أرقام التواصل'!$B$6:$B$505,A13,'أرقام التواصل'!$C$6:$C$505,1))=0,"missing primary contact in أرقام التواصل; ","")&IF(AND(U13="TRUE",V13=""),"duplicate_type required when duplicate_flag TRUE; ","")))))
N14: =IF(TRIM(K14&" "&L14&IF(M14<>""," ("&M14&")",""))="","",TRIM(K14&" "&L14&IF(M14<>""," ("&M14&")",""))) | Z14: =IF(B14="","",IFERROR(INDEX(الزبائن!$AZ$6:$AZ$505,MATCH(B14,الزبائن!$A$6:$A$505,0)),"source key not found")) | AA14: =IF(B14="","",IFERROR(INDEX(الزبائن!$BA$6:$BA$505,MATCH(B14,الزبائن!$A$6:$A$505,0)),"source key not found")) | AB14: =IF(AND(A14="",C14="",D14="",H14="",K14="",L14=""),"",IF(C14="skip","SKIP",IF(OR(A14="",C14="",D14="",H14="",K14="",L14="",S14="",COUNTIF($A$6:$A$505,A14)>1,AND(B14<>"",COUNTIF(الزبائن!$A$6:$A$505,B14)=0),(COUNTIFS('أرقام التواصل'!$A$6:$A$505,"proposed_name",'أرقام التواصل'!$B$6:$B$505,A14,'أرقام التواصل'!$I$6:$I$505,"TRUE")+COUNTIFS('أرقام التواصل'!$A$6:$A$505,"proposed_name",'أرقام التواصل'!$B$6:$B$505,A14,'أرقام التواصل'!$C$6:$C$505,1))=0,AND(U14="TRUE",V14="")),"REVIEW","READY"))) | AC14: =IF(AB14="","",IF(AB14="READY","",IF(AB14="SKIP","Skipped by candidate_import_action",TRIM(IF(A14="","missing proposed_name_key; ","")&IF(AND(A14<>"",COUNTIF($A$6:$A$505,A14)>1),"duplicate proposed_name_key; ","")&IF(C14="","missing candidate_import_action; ","")&IF(D14="","missing move_reason; ","")&IF(H14="","missing branch_id; ","")&IF(K14="","missing first_name; ","")&IF(L14="","missing last_name; ","")&IF(S14="","missing status; ","")&IF(AND(B14<>"",COUNTIF(الزبائن!$A$6:$A$505,B14)=0),"source key not found; ","")&IF((COUNTIFS('أرقام التواصل'!$A$6:$A$505,"proposed_name",'أرقام التواصل'!$B$6:$B$505,A14,'أرقام التواصل'!$I$6:$I$505,"TRUE")+COUNTIFS('أرقام التواصل'!$A$6:$A$505,"proposed_name",'أرقام التواصل'!$B$6:$B$505,A14,'أرقام التواصل'!$C$6:$C$505,1))=0,"missing primary contact in أرقام التواصل; ","")&IF(AND(U14="TRUE",V14=""),"duplicate_type required when duplicate_flag TRUE; ","")))))
N15: =IF(TRIM(K15&" "&L15&IF(M15<>""," ("&M15&")",""))="","",TRIM(K15&" "&L15&IF(M15<>""," ("&M15&")",""))) | Z15: =IF(B15="","",IFERROR(INDEX(الزبائن!$AZ$6:$AZ$505,MATCH(B15,الزبائن!$A$6:$A$505,0)),"source key not found")) | AA15: =IF(B15="","",IFERROR(INDEX(الزبائن!$BA$6:$BA$505,MATCH(B15,الزبائن!$A$6:$A$505,0)),"source key not found")) | AB15: =IF(AND(A15="",C15="",D15="",H15="",K15="",L15=""),"",IF(C15="skip","SKIP",IF(OR(A15="",C15="",D15="",H15="",K15="",L15="",S15="",COUNTIF($A$6:$A$505,A15)>1,AND(B15<>"",COUNTIF(الزبائن!$A$6:$A$505,B15)=0),(COUNTIFS('أرقام التواصل'!$A$6:$A$505,"proposed_name",'أرقام التواصل'!$B$6:$B$505,A15,'أرقام التواصل'!$I$6:$I$505,"TRUE")+COUNTIFS('أرقام التواصل'!$A$6:$A$505,"proposed_name",'أرقام التواصل'!$B$6:$B$505,A15,'أرقام التواصل'!$C$6:$C$505,1))=0,AND(U15="TRUE",V15="")),"REVIEW","READY"))) | AC15: =IF(AB15="","",IF(AB15="READY","",IF(AB15="SKIP","Skipped by candidate_import_action",TRIM(IF(A15="","missing proposed_name_key; ","")&IF(AND(A15<>"",COUNTIF($A$6:$A$505,A15)>1),"duplicate proposed_name_key; ","")&IF(C15="","missing candidate_import_action; ","")&IF(D15="","missing move_reason; ","")&IF(H15="","missing branch_id; ","")&IF(K15="","missing first_name; ","")&IF(L15="","missing last_name; ","")&IF(S15="","missing status; ","")&IF(AND(B15<>"",COUNTIF(الزبائن!$A$6:$A$505,B15)=0),"source key not found; ","")&IF((COUNTIFS('أرقام التواصل'!$A$6:$A$505,"proposed_name",'أرقام التواصل'!$B$6:$B$505,A15,'أرقام التواصل'!$I$6:$I$505,"TRUE")+COUNTIFS('أرقام التواصل'!$A$6:$A$505,"proposed_name",'أرقام التواصل'!$B$6:$B$505,A15,'أرقام التواصل'!$C$6:$C$505,1))=0,"missing primary contact in أرقام التواصل; ","")&IF(AND(U15="TRUE",V15=""),"duplicate_type required when duplicate_flag TRUE; ","")))))
N16: =IF(TRIM(K16&" "&L16&IF(M16<>""," ("&M16&")",""))="","",TRIM(K16&" "&L16&IF(M16<>""," ("&M16&")",""))) | Z16: =IF(B16="","",IFERROR(INDEX(الزبائن!$AZ$6:$AZ$505,MATCH(B16,الزبائن!$A$6:$A$505,0)),"source key not found")) | AA16: =IF(B16="","",IFERROR(INDEX(الزبائن!$BA$6:$BA$505,MATCH(B16,الزبائن!$A$6:$A$505,0)),"source key not found")) | AB16: =IF(AND(A16="",C16="",D16="",H16="",K16="",L16=""),"",IF(C16="skip","SKIP",IF(OR(A16="",C16="",D16="",H16="",K16="",L16="",S16="",COUNTIF($A$6:$A$505,A16)>1,AND(B16<>"",COUNTIF(الزبائن!$A$6:$A$505,B16)=0),(COUNTIFS('أرقام التواصل'!$A$6:$A$505,"proposed_name",'أرقام التواصل'!$B$6:$B$505,A16,'أرقام التواصل'!$I$6:$I$505,"TRUE")+COUNTIFS('أرقام التواصل'!$A$6:$A$505,"proposed_name",'أرقام التواصل'!$B$6:$B$505,A16,'أرقام التواصل'!$C$6:$C$505,1))=0,AND(U16="TRUE",V16="")),"REVIEW","READY"))) | AC16: =IF(AB16="","",IF(AB16="READY","",IF(AB16="SKIP","Skipped by candidate_import_action",TRIM(IF(A16="","missing proposed_name_key; ","")&IF(AND(A16<>"",COUNTIF($A$6:$A$505,A16)>1),"duplicate proposed_name_key; ","")&IF(C16="","missing candidate_import_action; ","")&IF(D16="","missing move_reason; ","")&IF(H16="","missing branch_id; ","")&IF(K16="","missing first_name; ","")&IF(L16="","missing last_name; ","")&IF(S16="","missing status; ","")&IF(AND(B16<>"",COUNTIF(الزبائن!$A$6:$A$505,B16)=0),"source key not found; ","")&IF((COUNTIFS('أرقام التواصل'!$A$6:$A$505,"proposed_name",'أرقام التواصل'!$B$6:$B$505,A16,'أرقام التواصل'!$I$6:$I$505,"TRUE")+COUNTIFS('أرقام التواصل'!$A$6:$A$505,"proposed_name",'أرقام التواصل'!$B$6:$B$505,A16,'أرقام التواصل'!$C$6:$C$505,1))=0,"missing primary contact in أرقام التواصل; ","")&IF(AND(U16="TRUE",V16=""),"duplicate_type required when duplicate_flag TRUE; ","")))))
N17: =IF(TRIM(K17&" "&L17&IF(M17<>""," ("&M17&")",""))="","",TRIM(K17&" "&L17&IF(M17<>""," ("&M17&")",""))) | Z17: =IF(B17="","",IFERROR(INDEX(الزبائن!$AZ$6:$AZ$505,MATCH(B17,الزبائن!$A$6:$A$505,0)),"source key not found")) | AA17: =IF(B17="","",IFERROR(INDEX(الزبائن!$BA$6:$BA$505,MATCH(B17,الزبائن!$A$6:$A$505,0)),"source key not found")) | AB17: =IF(AND(A17="",C17="",D17="",H17="",K17="",L17=""),"",IF(C17="skip","SKIP",IF(OR(A17="",C17="",D17="",H17="",K17="",L17="",S17="",COUNTIF($A$6:$A$505,A17)>1,AND(B17<>"",COUNTIF(الزبائن!$A$6:$A$505,B17)=0),(COUNTIFS('أرقام التواصل'!$A$6:$A$505,"proposed_name",'أرقام التواصل'!$B$6:$B$505,A17,'أرقام التواصل'!$I$6:$I$505,"TRUE")+COUNTIFS('أرقام التواصل'!$A$6:$A$505,"proposed_name",'أرقام التواصل'!$B$6:$B$505,A17,'أرقام التواصل'!$C$6:$C$505,1))=0,AND(U17="TRUE",V17="")),"REVIEW","READY"))) | AC17: =IF(AB17="","",IF(AB17="READY","",IF(AB17="SKIP","Skipped by candidate_import_action",TRIM(IF(A17="","missing proposed_name_key; ","")&IF(AND(A17<>"",COUNTIF($A$6:$A$505,A17)>1),"duplicate proposed_name_key; ","")&IF(C17="","missing candidate_import_action; ","")&IF(D17="","missing move_reason; ","")&IF(H17="","missing branch_id; ","")&IF(K17="","missing first_name; ","")&IF(L17="","missing last_name; ","")&IF(S17="","missing status; ","")&IF(AND(B17<>"",COUNTIF(الزبائن!$A$6:$A$505,B17)=0),"source key not found; ","")&IF((COUNTIFS('أرقام التواصل'!$A$6:$A$505,"proposed_name",'أرقام التواصل'!$B$6:$B$505,A17,'أرقام التواصل'!$I$6:$I$505,"TRUE")+COUNTIFS('أرقام التواصل'!$A$6:$A$505,"proposed_name",'أرقام التواصل'!$B$6:$B$505,A17,'أرقام التواصل'!$C$6:$C$505,1))=0,"missing primary contact in أرقام التواصل; ","")&IF(AND(U17="TRUE",V17=""),"duplicate_type required when duplicate_flag TRUE; ","")))))
N18: =IF(TRIM(K18&" "&L18&IF(M18<>""," ("&M18&")",""))="","",TRIM(K18&" "&L18&IF(M18<>""," ("&M18&")",""))) | Z18: =IF(B18="","",IFERROR(INDEX(الزبائن!$AZ$6:$AZ$505,MATCH(B18,الزبائن!$A$6:$A$505,0)),"source key not found")) | AA18: =IF(B18="","",IFERROR(INDEX(الزبائن!$BA$6:$BA$505,MATCH(B18,الزبائن!$A$6:$A$505,0)),"source key not found")) | AB18: =IF(AND(A18="",C18="",D18="",H18="",K18="",L18=""),"",IF(C18="skip","SKIP",IF(OR(A18="",C18="",D18="",H18="",K18="",L18="",S18="",COUNTIF($A$6:$A$505,A18)>1,AND(B18<>"",COUNTIF(الزبائن!$A$6:$A$505,B18)=0),(COUNTIFS('أرقام التواصل'!$A$6:$A$505,"proposed_name",'أرقام التواصل'!$B$6:$B$505,A18,'أرقام التواصل'!$I$6:$I$505,"TRUE")+COUNTIFS('أرقام التواصل'!$A$6:$A$505,"proposed_name",'أرقام التواصل'!$B$6:$B$505,A18,'أرقام التواصل'!$C$6:$C$505,1))=0,AND(U18="TRUE",V18="")),"REVIEW","READY"))) | AC18: =IF(AB18="","",IF(AB18="READY","",IF(AB18="SKIP","Skipped by candidate_import_action",TRIM(IF(A18="","missing proposed_name_key; ","")&IF(AND(A18<>"",COUNTIF($A$6:$A$505,A18)>1),"duplicate proposed_name_key; ","")&IF(C18="","missing candidate_import_action; ","")&IF(D18="","missing move_reason; ","")&IF(H18="","missing branch_id; ","")&IF(K18="","missing first_name; ","")&IF(L18="","missing last_name; ","")&IF(S18="","missing status; ","")&IF(AND(B18<>"",COUNTIF(الزبائن!$A$6:$A$505,B18)=0),"source key not found; ","")&IF((COUNTIFS('أرقام التواصل'!$A$6:$A$505,"proposed_name",'أرقام التواصل'!$B$6:$B$505,A18,'أرقام التواصل'!$I$6:$I$505,"TRUE")+COUNTIFS('أرقام التواصل'!$A$6:$A$505,"proposed_name",'أرقام التواصل'!$B$6:$B$505,A18,'أرقام التواصل'!$C$6:$C$505,1))=0,"missing primary contact in أرقام التواصل; ","")&IF(AND(U18="TRUE",V18=""),"duplicate_type required when duplicate_flag TRUE; ","")))))
... N505: =IF(TRIM(K505&" "&L505&IF(M505<>""," ("&M505&")",""))="","",TRIM(K505&" "&L505&IF(M505<>""," ("&M505&")",""))) | Z505: =IF(B505="","",IFERROR(INDEX(الزبائن!$AZ$6:$AZ$505,MATCH(B505,الزبائن!$A$6:$A$505,0)),"source key not found")) | AA505: =IF(B505="","",IFERROR(INDEX(الزبائن!$BA$6:$BA$505,MATCH(B505,الزبائن!$A$6:$A$505,0)),"source key not found")) | AB505: =IF(AND(A505="",C505="",D505="",H505="",K505="",L505=""),"",IF(C505="skip","SKIP",IF(OR(A505="",C505="",D505="",H505="",K505="",L505="",S505="",COUNTIF($A$6:$A$505,A505)>1,AND(B505<>"",COUNTIF(الزبائن!$A$6:$A$505,B505)=0),(COUNTIFS('أرقام التواصل'!$A$6:$A$505,"proposed_name",'أرقام التواصل'!$B$6:$B$505,A505,'أرقام التواصل'!$I$6:$I$505,"TRUE")+COUNTIFS('أرقام التواصل'!$A$6:$A$505,"proposed_name",'أرقام التواصل'!$B$6:$B$505,A505,'أرقام التواصل'!$C$6:$C$505,1))=0,AND(U505="TRUE",V505="")),"REVIEW","READY"))) | AC505: =IF(AB505="","",IF(AB505="READY","",IF(AB505="SKIP","Skipped by candidate_import_action",TRIM(IF(A505="","missing proposed_name_key; ","")&IF(AND(A505<>"",COUNTIF($A$6:$A$505,A505)>1),"duplicate proposed_name_key; ","")&IF(C505="","missing candidate_import_action; ","")&IF(D505="","missing move_reason; ","")&IF(H505="","missing branch_id; ","")&IF(K505="","missing first_name; ","")&IF(L505="","missing last_name; ","")&IF(S505="","missing status; ","")&IF(AND(B505<>"",COUNTIF(الزبائن!$A$6:$A$505,B505)=0),"source key not found; ","")&IF((COUNTIFS('أرقام التواصل'!$A$6:$A$505,"proposed_name",'أرقام التواصل'!$B$6:$B$505,A505,'أرقام التواصل'!$I$6:$I$505,"TRUE")+COUNTIFS('أرقام التواصل'!$A$6:$A$505,"proposed_name",'أرقام التواصل'!$B$6:$B$505,A505,'أرقام التواصل'!$C$6:$C$505,1))=0,"missing primary contact in أرقام التواصل; ","")&IF(AND(U505="TRUE",V505=""),"duplicate_type required when duplicate_flag TRUE; ","")))))

Sheet قاموس الأعمدة
A1: قاموس أعمدة قالب تهجير الزبائن V3 | B1: قاموس أعمدة قالب تهجير الزبائن V3 | C1: قاموس أعمدة قالب تهجير الزبائن V3 | D1: قاموس أعمدة قالب تهجير الزبائن V3 | E1: قاموس أعمدة قالب تهجير الزبائن V3 | F1: قاموس أعمدة قالب تهجير الزبائن V3 | G1: قاموس أعمدة قالب تهجير الزبائن V3 | H1: قاموس أعمدة قالب تهجير الزبائن V3
A2: شرح الأعمدة، وجهتها التقريبية، وما إذا كانت مطلوبة. | B2: شرح الأعمدة، وجهتها التقريبية، وما إذا كانت مطلوبة. | C2: شرح الأعمدة، وجهتها التقريبية، وما إذا كانت مطلوبة. | D2: شرح الأعمدة، وجهتها التقريبية، وما إذا كانت مطلوبة. | E2: شرح الأعمدة، وجهتها التقريبية، وما إذا كانت مطلوبة. | F2: شرح الأعمدة، وجهتها التقريبية، وما إذا كانت مطلوبة. | G2: شرح الأعمدة، وجهتها التقريبية، وما إذا كانت مطلوبة. | H2: شرح الأعمدة، وجهتها التقريبية، وما إذا كانت مطلوبة.
A5: الشيت | B5: القسم | C5: المفتاح التقني | D5: العنوان | E5: الإلزام | F5: الوجهة | G5: القيم المقبولة | H5: ملاحظات
A6: الزبائن | B6: ربط الهجرة | C6: migration_customer_key | D6: مفتاح الزبون للهجرة | E6: إلزامي | F6: migration helper | G6: unique text | H6: معرف ثابت يربط الزبون مع أرقام التواصل والوسطاء والأسماء المقترحة.
A7: الزبائن | B7: ربط الهجرة | C7: import_action | D7: إجراء الاستيراد | E7: إلزامي | F7: import pipeline | G7: create/update/skip/to_candidate | H7: استخدم to_candidate عندما تريد نقل الصف لمسار الأسماء المقترحة.
A8: الزبائن | B8: ربط الهجرة | C8: old_system_customer_id | D8: ID النظام القديم | E8: اختياري | F8: migration audit | G8: text | H8: للمطابقة والتدقيق بعد الاستيراد.
A9: الزبائن | B9: ربط الهجرة | C9: old_source_note | D9: مصدر/جدول قديم | E9: اختياري | F9: migration audit | G9: text | H9: اسم الملف أو الجدول القادم من النظام القديم.
A10: الزبائن | B10: الفرع والملكية | C10: branch_id | D10: ID الفرع | E10: إلزامي | F10: clients.branch_id | G10: branches.id | H10: اعتمد على ID وليس الاسم.
A11: الزبائن | B11: الفرع والملكية | C11: branch_name | D11: اسم الفرع للمراجعة | E11: مساعد | F11: branches.name | G11: text | H11: للقراءة فقط ولا يغني عن branch_id.
A12: الزبائن | B12: هوية الزبون | C12: first_name | D12: الاسم الأول | E12: إلزامي | F12: clients.first_name | G12: text | H12: اسم الزبون الأول.
A13: الزبائن | B13: هوية الزبون | C13: father_name | D13: اسم الأب | E13: اختياري | F13: clients.father_name | G13: text | H13: يفضل تعبئته عند توفره.
A14: الزبائن | B14: هوية الزبون | C14: last_name | D14: الكنية/العائلة | E14: إلزامي | F14: clients.last_name | G14: text | H14: اسم العائلة أو الكنية.
... A20: الزبائن | B20: العنوان - 4 مستويات | C20: region_name | D20: اسم المنطقة | E20: مساعد | F20: geo_units.name | G20: text | H20: للمراجعة البشرية.
A21: الزبائن | B21: العنوان - 4 مستويات | C21: sub_area_id | D21: ID الناحية | E21: مساعد | F21: geo_units.id level=3 | G21: المستوى 3.
A22: الزبائن | B22: العنوان - 4 مستويات | C22: sub_area_name | D22: اسم الناحية | E22: مساعد | F22: geo_units.name | G22: text | H22: للمراجعة البشرية.
A23: الزبائن | B23: العنوان - 4 مستويات | C23: neighborhood_id | D23: ID الحي | E23: مساعد | F23: geo_units.id level=4 | G23: المستوى 4: الحي الحقيقي عندما يكون موجودا.
A24: الزبائن | B24: العنوان - 4 مستويات | C24: neighborhood_name | D24: اسم الحي | E24: مساعد | F24: geo_units.name | G24: text | H24: للمراجعة البشرية.
A25: الزبائن | B25: العنوان - 4 مستويات | C25: final_geo_unit_id | D25: ID الموقع النهائي - تلقائي | E25: محسوب/إلزامي | F25: clients.neighborhood | G25: deepest geo id | H25: يأخذ الحي إن وجد، وإلا الناحية، وإلا المنطقة، وإلا المحافظة.
A26: الزبائن | B26: العنوان - 4 مستويات | C26: final_geo_unit_name | D26: اسم الموقع النهائي - تلقائي | E26: محسوب | F26: geo_units.name | G26: formula | H26: اسم أعمق مستوى متوفر.
A27: الزبائن | B27: العنوان | C27: detailed_address | D27: العنوان التفصيلي | E27: مهم | F27: clients.detailed_address | G27: text | H27: نص العنوان كما يريد الفريق رؤيته.
A28: الزبائن | B28: العنوان | C28: address_clarity | D28: وضوح العنوان | E28: إلزامي | F28: cleanup helper | G28: clear/unclear/unknown | H28: ضع unclear إذا يحتاج مراجعة قبل اعتماده كزبون.
A29: الزبائن | B29: العنوان | C29: gps_lat | D29: GPS خط العرض | E29: اختياري | F29: clients.gps_coordinates | G29: decimal | H29: اختياري.
A30: الزبائن | B30: العنوان | C30: gps_lng | D30: GPS خط الطول | E30: اختياري | F30: clients.gps_coordinates | G30: decimal | H30: اختياري.
A31: الزبائن | B31: الفرع والملكية | C31: assignment_user_ids | D31: IDs المستخدمين المسندين | E31: اختياري | F31: client_assignments.user_id | G31: comma separated ids | H31: مثال: 12,18.
A32: الزبائن | B32: حالة الزبون | C32: is_candidate | D32: هل هو مرشح؟ | E32: اختياري | F32: clients.is_candidate | G32: TRUE/FALSE | H32: حسب النظام الحالي.
A33: الزبائن | B33: حالة الزبون | C33: candidate_status | D33: حالة المرشح داخل الزبون | E33: اختياري | F33: clients.candidate_status | G33: Lead/FOP/OP | H33: عند الحاجة فقط.
A34: الزبائن | B34: حالة الزبون | C34: target_client | D34: زبون مستهدف | E34: اختياري | F34: clients.target_client | G34: text | H34: كما في النظام.
A35: الزبائن | B35: بيانات مدنية | C35: gender | D35: الجنس | E35: اختياري | F35: clients.gender | G35: male/female | H35: اختياري.
... A119: أسماء مقترحة | B119: مراجعة | C119: candidate_row_issues | D119: مشاكل الاسم - تلقائي | E119: محسوب | F119: migration helper | G119: formula | H119: أسباب المراجعة.

Sheet قوائم مرجعية
A1: قوائم مرجعية وقيم مسموحة | B1: قوائم مرجعية وقيم مسموحة | C1: قوائم مرجعية وقيم مسموحة | D1: قوائم مرجعية وقيم مسموحة | E1: قوائم مرجعية وقيم مسموحة | F1: قوائم مرجعية وقيم مسموحة | G1: قوائم مرجعية وقيم مسموحة | H1: قوائم مرجعية وقيم مسموحة | I1: قوائم مرجعية وقيم مسموحة | J1: قوائم مرجعية وقيم مسموحة | K1: قوائم مرجعية وقيم مسموحة | L1: قوائم مرجعية وقيم مسموحة | M1: قوائم مرجعية وقيم مسموحة | N1: قوائم مرجعية وقيم مسموحة | O1: قوائم مرجعية وقيم مسموحة | P1: قوائم مرجعية وقيم مسموحة | Q1: قوائم مرجعية وقيم مسموحة | R1: قوائم مرجعية وقيم مسموحة | S1: قوائم مرجعية وقيم مسموحة | T1: قوائم مرجعية وقيم مسموحة | U1: قوائم مرجعية وقيم مسموحة | V1: قوائم مرجعية وقيم مسموحة | W1: قوائم مرجعية وقيم مسموحة | X1: قوائم مرجعية وقيم مسموحة
A2: املأ مراجع الفروع والمناطق والمستخدمين من قاعدة staging قبل الاستيراد النهائي. | B2: املأ مراجع الفروع والمناطق والمستخدمين من قاعدة staging قبل الاستيراد النهائي. | C2: املأ مراجع الفروع والمناطق والمستخدمين من قاعدة staging قبل الاستيراد النهائي. | D2: املأ مراجع الفروع والمناطق والمستخدمين من قاعدة staging قبل الاستيراد النهائي. | E2: املأ مراجع الفروع والمناطق والمستخدمين من قاعدة staging قبل الاستيراد النهائي. | F2: املأ مراجع الفروع والمناطق والمستخدمين من قاعدة staging قبل الاستيراد النهائي. | G2: املأ مراجع الفروع والمناطق والمستخدمين من قاعدة staging قبل الاستيراد النهائي. | H2: املأ مراجع الفروع والمناطق والمستخدمين من قاعدة staging قبل الاستيراد النهائي. | I2: املأ مراجع الفروع والمناطق والمستخدمين من قاعدة staging قبل الاستيراد النهائي. | J2: املأ مراجع الفروع والمناطق والمستخدمين من قاعدة staging قبل الاستيراد النهائي. | K2: املأ مراجع الفروع والمناطق والمستخدمين من قاعدة staging قبل الاستيراد النهائي. | L2: املأ مراجع الفروع والمناطق والمستخدمين من قاعدة staging قبل الاستيراد النهائي. | M2: املأ مراجع الفروع والمناطق والمستخدمين من قاعدة staging قبل الاستيراد النهائي. | N2: املأ مراجع الفروع والمناطق والمستخدمين من قاعدة staging قبل الاستيراد النهائي. | O2: املأ مراجع الفروع والمناطق والمستخدمين من قاعدة staging قبل الاستيراد النهائي. | P2: املأ مراجع الفروع والمناطق والمستخدمين من قاعدة staging قبل الاستيراد النهائي. | Q2: املأ مراجع الفروع والمناطق والمستخدمين من قاعدة staging قبل الاستيراد النهائي. | R2: املأ مراجع الفروع والمناطق والمستخدمين من قاعدة staging قبل الاستيراد النهائي. | S2: املأ مراجع الفروع والمناطق والمستخدمين من قاعدة staging قبل الاستيراد النهائي. | T2: املأ مراجع الفروع والمناطق والمستخدمين من قاعدة staging قبل الاستيراد النهائي. | U2: املأ مراجع الفروع والمناطق والمستخدمين من قاعدة staging قبل الاستيراد النهائي. | V2: املأ مراجع الفروع والمناطق والمستخدمين من قاعدة staging قبل الاستيراد النهائي. | W2: املأ مراجع الفروع والمناطق والمستخدمين من قاعدة staging قبل الاستيراد النهائي. | X2: املأ مراجع الفروع والمناطق والمستخدمين من قاعدة staging قبل الاستيراد النهائي.
A5: القائمة | B5: القيمة | C5: شرح عربي | D5: ملاحظات | F5: branch_id | G5: branch_name | H5: status | I5: notes | K5: geo_unit_id | L5: name | M5: level | N5: parent_id | O5: parent_name | P5: status | Q5: covered_branch_id | S5: hr_user_id | T5: name | U5: branch_id | V5: role | W5: assignable_notes
A6: import_action | B6: create | C6: إنشاء | I6: املأ من branches على staging | M6: 1=محافظة، 2=منطقة، 3=ناحية، 4=حي | Q6: املأ من geo_units + branch coverage | W6: املأ من المستخدمين القابلين للإسناد
A7: import_action | B7: update | C7: تحديث
A8: import_action | B8: skip | C8: تجاهل
A9: import_action | B9: to_candidate | C9: نقل لاسم مقترح
A10: final_destination | B10: client | C10: زبون
A11: final_destination | B11: proposed_name | C11: اسم مقترح
A12: final_destination | B12: skip | C12: تجاهل
A13: final_destination | B13: review_later | C13: مراجعة لاحقة
A14: proposed_move_reason | B14: uncertain_identity | C14: هوية غير مؤكدة
A15: proposed_move_reason | B15: duplicate | C15: مكرر
A16: proposed_move_reason | B16: missing_required_data | C16: بيانات ناقصة
A17: proposed_move_reason | B17: missing_or_invalid_phone | C17: رقم ناقص أو غير صالح
A18: proposed_move_reason | B18: unclear_address | C18: عنوان غير واضح
... A24: candidate_import_action | B24: skip | C24: تجاهل
A25: candidate_db_status | B25: New
A26: candidate_db_status | B26: Suggested
A27: candidate_db_status | B27: FollowUp
A28: candidate_db_status | B28: Contacted
A29: candidate_db_status | B29: Qualified
A30: candidate_db_status | B30: Junk
A31: duplicate_type | B31: Candidate
A32: duplicate_type | B32: Client
A33: duplicate_type | B33: Both
A34: referral_confirmation_status | B34: Pending
A35: referral_confirmation_status | B35: Confirmed
A36: referral_confirmation_status | B36: Rejected
... A42: confidence_level | B42: low
A43: contact_type | B43: mobile | C43: موبايل
A44: contact_type | B44: landline | C44: أرضي
A45: contact_type | B45: other | C45: آخر
A46: contact_status | B46: active | C46: فعال
A47: contact_status | B47: preferred | C47: مفضل
A48: contact_status | B48: out-of-coverage | C48: خارج التغطية
A49: contact_status | B49: unused | C49: غير مستخدم
A50: contact_status | B50: invalid | C50: غير صالح
A51: boolean | B51: TRUE | C51: نعم
A52: boolean | B52: FALSE | C52: لا
A53: source_channel | B53: PhoneCall
A54: source_channel | B54: SocialMedia
A55: source_channel | B55: Campaign
A56: source_channel | B56: Acquaintance
A57: referrer_type | B57: Personal
A58: referrer_type | B58: Employee
A59: referrer_type | B59: Client
A60: referrer_type | B60: Unknown
A61: candidate_status | B61: Lead
A62: candidate_status | B62: FOP
A63: candidate_status | B63: OP
A64: gender | B64: male
... A75: cleanup_status | B75: blocked
A76: entity_type | B76: client | C76: زبون
A77: entity_type | B77: proposed_name | C77: اسم مقترح

Sheet عينات
A1: أمثلة تعبئة سريعة V3 | B1: أمثلة تعبئة سريعة V3 | C1: أمثلة تعبئة سريعة V3 | D1: أمثلة تعبئة سريعة V3 | E1: أمثلة تعبئة سريعة V3 | F1: أمثلة تعبئة سريعة V3 | G1: أمثلة تعبئة سريعة V3 | H1: أمثلة تعبئة سريعة V3 | I1: أمثلة تعبئة سريعة V3 | J1: أمثلة تعبئة سريعة V3
A2: أمثلة تلخص طريقة الربط بدون تكرار الرقم أو الوسيط داخل شيت الزبائن. | B2: أمثلة تلخص طريقة الربط بدون تكرار الرقم أو الوسيط داخل شيت الزبائن. | C2: أمثلة تلخص طريقة الربط بدون تكرار الرقم أو الوسيط داخل شيت الزبائن. | D2: أمثلة تلخص طريقة الربط بدون تكرار الرقم أو الوسيط داخل شيت الزبائن. | E2: أمثلة تلخص طريقة الربط بدون تكرار الرقم أو الوسيط داخل شيت الزبائن. | F2: أمثلة تلخص طريقة الربط بدون تكرار الرقم أو الوسيط داخل شيت الزبائن. | G2: أمثلة تلخص طريقة الربط بدون تكرار الرقم أو الوسيط داخل شيت الزبائن. | H2: أمثلة تلخص طريقة الربط بدون تكرار الرقم أو الوسيط داخل شيت الزبائن. | I2: أمثلة تلخص طريقة الربط بدون تكرار الرقم أو الوسيط داخل شيت الزبائن. | J2: أمثلة تلخص طريقة الربط بدون تكرار الرقم أو الوسيط داخل شيت الزبائن.
A4: حالة | B4: ما تملأه | C4: مثال | D4: ملاحظة
A5: زبون جاهز | B5: الزبائن + أرقام التواصل | C5: CUST-0001 في الزبائن، و CUST-0001/order=1 في أرقام التواصل | D5: الرقم الأساسي لا يكرر في شيت الزبائن.
A6: اسم مقترح | B6: final_destination=proposed_name + proposed_name_key | C6: PN-CUST-0002 | D6: أرقامه تضاف في أرقام التواصل مع entity_type=proposed_name.
A7: حي مستوى رابع | B7: neighborhood_id | C7: 125 | D7: إذا غير معروف اتركه فارغا واستخدم sub_area_id حتى المراجعة.
A8: وسيط أساسي | B8: الوسطاء referrer_order=1 | C8: client/CUST-0001/order=1 | D8: أول وسيط هو الأساسي.
A9: رقم غير صالح | B9: status=invalid | C9: 093 / invalid | D9: يسمح بتوثيق الرقم الخاطئ دون اعتباره جاهزا كرقم فعال.
